actual_carbon_kg,predicted_carbon_kg,error_kg
1141.65,1117.5844877994177,24.06551220058236
763.41,737.1690265233894,26.24097347661052
943.96,992.3655196492065,-48.40551964920644
646.08,736.9814712227118,-90.90147122271173
1182.93,1098.0221994014116,84.90780059858844
956.8,860.6680158337205,96.1319841662795
986.59,997.5576332625308,-10.96763326253074
1349.53,1324.7434561356247,24.78654386437529
1067.5,1005.8269556477122,61.673044352287775
802.48,908.997304042233,-106.51730404223304
979.6,1038.1450648270861,-58.545064827086094
930.51,846.5622477684312,83.94775223156876
1119.96,1079.4618380128347,40.498161987165304
966.75,941.9909663751537,24.759033624846325
1845.21,1862.3690739516921,-17.159073951692108
733.16,742.1747758558645,-9.014775855864514
727.23,722.814391501229,4.415608498771007
1671.11,1529.613182992818,141.4968170071818
1148.47,1156.204196348307,-7.734196348307023
1597.93,1477.7553135386431,120.17468646135694
984.39,927.1232000297641,57.266799970235866
507.49,565.9672155017942,-58.47721550179415
1102.96,1141.939973365264,-38.97997336526396
670.54,651.5073662689471,19.032633731052897
1753.63,1665.0727470772697,88.55725292273041
1777.33,1601.8442564347756,175.4857435652243
834.2,898.09498488471,-63.89498488470997
729.67,787.5462907768598,-57.87629077685983
1665.0,1449.2599482450173,215.7400517549827
1077.17,905.1347657224608,172.0352342775393
918.09,947.0100782894307,-28.92007828943065
1392.01,1368.5947801461837,23.415219853816325
1306.67,1373.15148313933,-66.48148313932984
1594.18,1496.3406692958483,97.83933070415173
1184.77,1222.3314529172337,-37.56145291723374
884.12,904.5916445900774,-20.471644590077403
798.51,751.7036631992212,46.80633680077881
1758.36,1780.933499484003,-22.57349948400315
153.58,272.2725775494713,-118.69257754947128
787.35,809.949473384811,-22.59947338481095
1710.63,1705.7282267603734,4.901773239626664
905.97,925.6579582149766,-19.68795821497656
1690.65,1677.072331550285,13.57766844971502
1056.22,1038.7393219122932,17.480678087706792
775.57,780.2112097914571,-4.641209791457072
942.01,931.2557228931959,10.754277106804125
1115.61,984.1619716385776,131.4480283614223
1331.43,1179.8199014838412,151.6100985161588
353.37,385.7583998145318,-32.388399814531795
612.38,573.7118129510766,38.668187048923414
787.75,692.9201650803658,94.82983491963421
1065.28,1026.0675150846855,39.21248491531446
557.42,613.7630178466737,-56.343017846673774
971.61,942.4493596551246,29.160640344875446
1148.53,1264.7505086404053,-116.22050864040534
1108.16,1054.0435078926098,54.116492107390286
751.04,786.2728678139902,-35.2328678139902
1168.8,1233.6142105035478,-64.81421050354788
1231.09,1118.1769775710682,112.91302242893175
955.81,963.2990541608227,-7.489054160822775
868.32,918.352850381397,-50.032850381397
1866.6,1841.0604892454562,25.5395107545437
501.36,484.20191190626406,17.158088093735955
2178.62,2182.9967445520797,-4.376744552079799
1468.24,1433.0929778595307,35.14702214046929
1036.49,1010.6727188130942,25.817281186905802
516.1,520.8261545595309,-4.726154559530869
676.98,723.0899230586938,-46.10992305869377
1004.99,998.1360826464733,6.853917353526754
1148.18,1133.1456453714125,15.034354628587607
1139.54,1266.5416971390223,-127.00169713902233
1395.1,1295.8687577691492,99.23124223085074
1086.12,1112.5741751052606,-26.454175105260674
702.75,680.4663633386201,22.283636661379887
1615.45,1175.6092259447157,439.8407740552843
2562.54,2492.0458259470306,70.49417405296936
1723.72,1714.0727801354747,9.647219864525368
475.97,458.74295618341745,17.22704381658258
704.08,729.0334522682539,-24.95345226825384
723.04,725.8427754898102,-2.8027754898101875
176.87,257.0404770729837,-80.17047707298372
786.66,933.4988874924719,-146.83888749247194
740.97,789.8090788177511,-48.8390788177511
938.37,966.0958916709045,-27.725891670904502
1322.1,1311.6323740434575,10.467625956542406
729.13,782.657174284065,-53.52717428406504
809.76,806.8126047770386,2.947395222961404
1198.41,1217.7501033353228,-19.340103335322738
796.92,824.439522967132,-27.519522967132048
1564.6,1610.2907742599364,-45.69077425993646
1069.03,1072.2822414424052,-3.252241442405193
871.09,974.8527763539375,-103.76277635393751
511.37,598.4560726630727,-87.08607266307274
770.88,751.4504832118636,19.429516788136425
23.04,60.741197175015785,-37.701197175015785
1438.15,1460.6531250131522,-22.503125013152157
966.09,1010.4321768099991,-44.342176809999046
1447.34,1488.0134077166954,-40.673407716695465
864.2,1018.2322891725793,-154.03228917257923
853.62,886.6967146734735,-33.076714673473475
690.38,694.8831567077193,-4.503156707719313
1192.03,1097.1503966164282,94.87960338357175
1085.43,1022.6786208091157,62.751379190884336
1405.48,1152.9348023749021,252.5451976250979
1359.82,1311.2356530059321,48.5843469940678
616.3,614.0018925926883,2.2981074073117043
2081.47,2144.4539631649914,-62.983963164991565
948.94,947.2009218363694,1.7390781636306656
1496.32,1491.7418095842845,4.578190415715426
2498.05,2372.7312965118936,125.31870348810662
1539.42,1516.6011359837898,22.818864016210227
866.88,789.7991042691383,77.0808957308617
1553.05,1609.962448926887,-56.91244892688701
1557.3,1237.5272054397647,319.7727945602353
837.98,748.8085902513609,89.17140974863912
1379.47,1116.468141669876,263.0018583301239
943.78,909.6339016012241,34.14609839877585
1468.29,1439.9856463837975,28.304353616202434
1480.23,1520.5517308117096,-40.321730811709585
876.8,837.7393610900943,39.060638909905606
1679.81,1577.141593594196,102.66840640580403
1285.27,1225.798057244123,59.47194275587708
1028.09,1062.0602243432586,-33.97022434325868
1650.61,1685.0479164615087,-34.43791646150885
1349.88,1283.1078285995502,66.7721714004499
1191.01,1158.769427814583,32.24057218541702
2488.94,2382.545584968011,106.39441503198896
1085.29,1029.8858921816789,55.40410781832111
904.05,902.7736924107447,1.2763075892552251
587.29,712.5805674684602,-125.29056746846027
2123.63,2119.5240924019067,4.105907598093381
815.23,866.0793842444718,-50.84938424447182
1007.25,976.3495855274082,30.90041447259182
1090.27,1071.9505679476677,18.31943205233233
879.11,919.777217368535,-40.667217368535034
1148.74,1186.404853109861,-37.66485310986104
1162.57,1092.321118615695,70.24888138430492
886.21,880.123565273898,6.086434726102084
728.22,790.6308928051488,-62.41089280514882
1630.03,1537.3198804600422,92.71011953995776
687.94,694.8593138397363,-6.919313839736219
577.7,697.1840226804221,-119.48402268042207
1053.39,1076.5957155151887,-23.205715515188558
671.52,649.459831117388,22.060168882611947
878.19,967.957861724144,-89.76786172414393
1696.59,1735.9464568444496,-39.35645684444967
1028.9,855.8184049928211,173.08159500717898
687.6,779.4112867121083,-91.81128671210831
540.4,609.7993444179442,-69.39934441794423
462.37,550.2015501309983,-87.83155013099827
4211.35,3807.267432598605,404.0825674013954
1571.9,1395.9976661943863,175.9023338056138
1070.7,1042.61364809902,28.086351900979935
633.02,646.6424413286161,-13.622441328616105
636.86,657.2264766489263,-20.366476648926323
1201.91,1251.7339470179359,-49.82394701793578
898.92,916.6485005813436,-17.72850058134361
776.95,917.2096141221675,-140.25961412216748
803.98,802.9928168938621,0.9871831061378771
911.13,899.4665836911659,11.663416308834144
1004.31,1079.2598660205006,-74.94986602050062
1931.3,1919.8713243345512,11.428675665448736
781.98,718.6897358587231,63.29026414127691
2046.9,2056.6596053122644,-9.759605312264284
814.01,902.3854597001495,-88.37545970014946
890.28,956.6816109046874,-66.40161090468746
1462.87,1485.1029893079997,-22.232989307999787
1120.72,1101.0217701101085,19.698229889891536
1152.02,1165.8234474996418,-13.803447499641834
645.86,686.1832939791477,-40.32329397914771
1211.12,1233.6061074711838,-22.486107471183914
852.4,947.4782865054038,-95.07828650540387
901.01,808.5847989900673,92.42520100993272
550.59,632.0417599466941,-81.4517599466941
526.3,556.3541938114811,-30.054193811481127
854.58,691.5372460398299,163.0427539601701
2229.94,1317.1647394141503,912.7752605858498
1855.24,1793.9629418518768,61.27705814812316
784.47,794.8220354537418,-10.352035453741792
2017.22,2033.0068596250983,-15.78685962509826
858.16,877.3481719107706,-19.18817191077062
578.91,933.7989823157912,-354.8889823157913
575.24,654.8145030184013,-79.57450301840129
1062.22,939.7137855046809,122.50621449531911
1245.26,1232.3572624276133,12.90273757238674
1672.79,1680.7582364762961,-7.96823647629617
666.89,645.1804869407136,21.709513059286337
1103.28,1124.8219589889925,-21.54195898899252
1826.5,1739.2207313310985,87.27926866890152
1057.3,1110.4195479202326,-53.11954792023266
1738.4,1786.134796122577,-47.73479612257688
909.35,879.1667616631768,30.18323833682325
804.33,765.7773195150062,38.55268048499386
1880.55,1812.7580907136407,67.79190928635921
1571.86,1621.3383403859668,-49.47834038596693
1074.51,1114.9046616890657,-40.39466168906574
752.86,804.4853825241038,-51.62538252410377
878.02,845.4649917663374,32.555008233662534
800.76,710.0168444729866,90.74315552701341
823.47,836.3866578016693,-12.916657801669317
977.77,1016.2153214184265,-38.44532141842649
851.41,867.6727550182927,-16.26275501829275
1318.38,1245.116887818467,73.26311218153319
728.0,796.334820219667,-68.334820219667
1010.6,978.4879859422298,32.11201405777024
1176.5,1189.6943133053871,-13.19431330538714
974.41,955.0579604369046,19.35203956309533
2645.79,2417.6687274173405,228.12127258265946
992.61,910.6766257632936,81.93337423670641
1050.31,1253.4148072856226,-203.10480728562266
2574.32,2499.927142199221,74.39285780077898
3233.26,2864.10620030823,369.15379969177
1065.93,776.2676740028035,289.6623259971966
1341.83,1383.9040254624022,-42.07402546240223
1424.01,1391.0174285580104,32.99257144198964
668.98,665.568678263273,3.411321736727018
1236.3,1225.1390222259415,11.160977774058438
1497.33,1276.0942799897684,221.2357200102315
2296.7,2198.6854325664845,98.01456743351537
1048.45,1112.5968853592663,-64.14688535926621
1964.53,1918.5585478065814,45.9714521934186
497.55,559.3979597875754,-61.84795978757535
928.76,928.9089023465242,-0.14890234652420986
1581.03,1443.3885544827745,137.64144551722552
873.97,909.1199532389404,-35.149953238940384
1689.75,1603.2689532488641,86.48104675113586
1647.04,1675.9762662440078,-28.93626624400781
541.7,545.0430301710591,-3.343030171059013
726.99,698.4467750010925,28.543224998907476
1229.22,1207.4011516095802,21.818848390419816
887.73,919.5142244062107,-31.784224406210683
2528.87,2615.5852232502502,-86.71522325025035
1405.64,1404.8297077657894,0.8102922342106922
516.02,800.508974353585,-284.48897435358504
592.06,799.7415333816025,-207.68153338160255
955.88,992.6255270801888,-36.74552708018882
868.82,886.6888917551452,-17.868891755145114
1005.31,937.240449670202,68.06955032979795
841.32,891.1031245102106,-49.78312451021054
1136.35,1158.384299716478,-22.034299716478017
1138.56,1114.9012410512726,23.65875894872738
2063.27,1777.6237108635873,285.64628913641263
2541.39,2442.2867467558617,99.10325324413816
1085.45,1021.645659354008,63.804340645992056
1368.74,1408.158456583473,-39.41845658347302
661.04,663.8864356333996,-2.8464356333996648
835.88,904.4149895806653,-68.5349895806653
1847.81,1792.878159737244,54.93184026275594
944.36,698.8978509616433,245.46214903835676
1117.72,1175.3557952748306,-57.63579527483057
802.68,782.6215879255535,20.058412074446437
1753.39,1921.1670921309799,-167.77709213097978
2105.59,2005.9330643360522,99.65693566394793
1060.92,1008.4849953328368,52.4350046671633
2110.51,2038.9773813662532,71.532618633747
1269.07,1563.732392936257,-294.662392936257
655.25,614.7819391994366,40.46806080056342
885.85,853.3375881371618,32.512411862838235
509.7,745.0052560717486,-235.3052560717486
1682.87,1624.5046398209827,58.365360179017216
1050.48,1047.9318642197702,2.5481357802298135
352.38,393.37678458983544,-40.99678458983544
587.65,582.8871165619923,4.762883438007634
1122.37,1135.605015395058,-13.235015395058099
1409.0,1447.3913922396273,-38.391392239627294
1021.77,932.1680073081004,89.60199269189957
983.55,929.4964779362668,54.05352206373311
1135.42,1109.9655808640186,25.454419135981425
601.04,634.6866701977436,-33.646670197743674
1042.68,1035.2113163744082,7.468683625591893
793.69,689.1740748813911,104.51592511860895
901.36,906.3863042358572,-5.0263042358571965
918.34,905.4355288531785,12.904471146821493
788.12,838.1208172542937,-50.00081725429368
1557.77,1535.9741825681058,21.795817431894193
1414.05,1492.9174368500949,-78.86743685009492
357.83,371.29867005158457,-13.468670051584581
2798.18,2634.1325099532787,164.04749004672112
682.27,637.6977535954193,44.57224640458071
1968.38,2014.636070695282,-46.25607069528178
345.97,453.44390313847714,-107.47390313847711
566.19,603.6237254853529,-37.43372548535285
1164.78,1202.2374447254226,-37.45744472542265
705.91,747.0804664713611,-41.170466471361124
831.23,708.9604654365154,122.26953456348463
664.47,693.2160133866357,-28.746013386635695
1614.76,1583.701992984975,31.05800701502494
1026.91,1101.1047870767436,-74.19478707674352
1018.36,617.1904583574112,401.1695416425888
879.96,880.3208633557937,-0.36086335579364004
999.88,1056.1514625732334,-56.27146257323341
790.1,752.2638101224302,37.836189877569836
811.59,888.4638135973591,-76.87381359735912
795.36,816.289862889091,-20.92986288909094
859.68,838.4346913218736,21.24530867812632
895.66,911.5262004565456,-15.866200456545585
1371.43,1372.0893695636455,-0.6593695636454413
988.08,1003.5109924760853,-15.430992476085294
1314.95,1046.867903025576,268.0820969744241
1332.66,1297.7110021631108,34.94899783688925
289.42,324.5852935651875,-35.16529356518748
667.2,968.8173572794508,-301.61735727945074
1109.32,1055.9663226852856,53.35367731471433
1374.34,1418.2714148619239,-43.93141486192394
812.51,852.099849127607,-39.58984912760695
1138.2,1105.6345210651743,32.565478934825705
1410.09,1472.2991140751421,-62.209114075142224
1193.76,1225.5909865510002,-31.83098655100025
1194.91,1158.4066673103741,36.50333268962595
1149.3,1152.7342273615698,-3.4342273615698105
700.69,698.9458987168528,1.7441012831473017
1049.67,1071.903711297441,-22.233711297441005
1495.84,1457.956372722011,37.88362727798881
797.45,921.6473383433945,-124.19733834339445
1223.66,1168.1566219460517,55.50337805394838
1351.02,1256.5064389962943,94.51356100370572
913.26,1007.2149359754136,-93.9549359754136
1281.45,909.6972050117085,371.7527949882915
829.1,872.3132671070616,-43.2132671070616
696.48,767.1423489338217,-70.6623489338217
935.09,667.2111506902035,267.8788493097966
889.94,985.3146605288377,-95.3746605288377
1395.25,1459.5020747212682,-64.25207472126817
656.44,657.850928334627,-1.4109283346269876
670.83,664.8581243746867,5.971875625313373
531.58,607.6120782145982,-76.03207821459819
1450.79,1425.382311574598,25.407688425402057
721.49,766.1230930765721,-44.633093076572095
1296.6,1261.4764295655787,35.123570434421254
534.53,533.9781907447103,0.5518092552896405
964.08,963.2358821184357,0.8441178815643298
1073.42,1088.9732537320647,-15.553253732064604
850.17,891.6121839032965,-41.442183903296495
2240.95,2070.382046668768,170.56795333123182
826.12,863.08748302849,-36.96748302849005
698.31,744.403621673795,-46.09362167379504
1015.81,1011.0691144073737,4.740885592626228
750.07,725.3802992795712,24.689700720428846
1055.85,1039.6735131999133,16.17648680008665
723.5,702.6801608690527,20.819839130947344
1887.39,1914.2457772263485,-26.855777226348437
1466.61,1525.7307934048886,-59.12079340488867
783.07,790.8636707677825,-7.793670767782487
680.45,714.9780716273311,-34.52807162733109
811.21,798.7264001430415,12.483599856958563
801.15,773.1033401687578,28.04665983124221
724.61,722.8089096896902,1.8010903103098599
1440.25,1435.2760812363133,4.973918763686697
1047.52,1254.907926497592,-207.38792649759193
1727.82,1783.7904957400574,-55.97049574005746
1543.98,1543.9789358489202,0.0010641510798450327
811.02,838.3224810890025,-27.302481089002526
680.4,634.1190129829909,46.280987017009124
806.71,1030.5894461544858,-223.87944615448578
744.51,693.9344510369641,50.575548963035885
700.98,750.1673818300874,-49.18738183008736
913.88,938.2568296008466,-24.376829600846577
1102.13,1210.9895182836258,-108.85951828362568
907.15,912.8085415186979,-5.658541518697916
1309.41,1350.7489654703563,-41.33896547035624
826.07,798.4711242503001,27.598875749699914
928.25,967.0525979893202,-38.80259798932025
1090.15,1172.1631929789658,-82.01319297896566
721.66,776.678016112007,-55.01801611200699
854.61,849.3402880046816,5.269711995318403
2511.39,997.4053760416462,1513.9846239583537
1665.4,1600.5732935104597,64.82670648954036
968.31,1017.6447844905704,-49.33478449057043
666.08,679.0836538608523,-13.003653860852296
1104.85,1114.9607780258762,-10.110778025876243
896.44,886.5310950916512,9.908904908348859
772.53,981.7284322948111,-209.19843229481114
1242.99,1269.3770798102205,-26.387079810220484
763.78,759.3127600154452,4.467239984554794
1176.31,1191.0335137334862,-14.723513733486243
733.8,725.558262400241,8.241737599758949
1187.45,1121.0121042660091,66.4378957339909
843.65,836.5983673097755,7.051632690224437
1207.26,1185.3240626670051,21.935937332994854
1828.22,1808.618073527562,19.60192647243798
1838.07,1818.540969920075,19.52903007992495
369.39,380.3669813352337,-10.976981335233688
1162.0,1111.3010210066138,50.69897899338616
1170.78,1219.2687588954445,-48.48875889544456
3372.88,3295.5093277442684,77.37067225573173
844.14,711.3537757629391,132.78622423706088
1597.06,1596.7625420823802,0.2974579176197949
1271.21,1249.6019616976907,21.608038302309296
973.27,1034.0845898888638,-60.81458988886379
1126.67,1138.1937569951767,-11.523756995176655
850.93,1041.2904085283321,-190.3604085283322
1106.45,1148.8490075925092,-42.39900759250918
989.4,997.7274200517219,-8.327420051721901
796.44,837.9591843199648,-41.51918431996478
1152.36,1200.4641142154794,-48.10411421547951
1624.9,1688.7593984477512,-63.85939844775112
1806.1,1808.4839799186634,-2.383979918663499
1291.33,1292.2968761202642,-0.96687612026426
1106.7,989.5246003209735,117.17539967902655
972.79,972.4146334042088,0.37536659579120624
1167.81,1108.2932009716944,59.51679902830551
2326.76,2325.7268453640527,1.0331546359475396
573.88,575.6225750912944,-1.742575091294384
1073.17,1155.3123317691286,-82.14233176912853
853.11,862.3440474846702,-9.234047484670214
2600.36,2527.6925298049923,72.66747019500781
2107.17,2023.4432641880114,83.72673581198865
1286.35,1283.479701032867,2.8702989671328396
1533.76,1519.9509180179775,13.809081982022462
1576.22,1522.507029936481,53.712970063518924
794.97,810.5792946280785,-15.609294628078487
819.63,848.1913575994106,-28.5613575994106
961.99,1051.4040282280662,-89.41402822806617
558.45,583.5042233422007,-25.054223342200657
702.21,759.8019435526598,-57.591943552659814
1430.59,1370.166698834626,60.423301165373914
961.86,939.3321576703223,22.527842329677696
991.17,1019.3781838110931,-28.208183811093136
1538.31,1601.5253329894142,-63.215332989414264
1258.09,1199.0954061359748,58.99459386402509
1818.26,1766.934153167492,51.32584683250798
1211.4,1303.5292495132937,-92.12924951329364
741.59,720.3204755240274,21.269524475972617
919.4,1231.3223182916822,-311.92231829168225
1565.47,1109.598978600987,455.871021399013
1518.32,1424.3548433817546,93.96515661824537
843.64,825.9935869958409,17.646413004159058
738.47,809.7017326068635,-71.23173260686349
564.28,610.2519406133227,-45.97194061332277
2152.96,2214.1658428301575,-61.20584283015751
468.67,683.3029535060991,-214.6329535060991
1516.58,1535.4294076921428,-18.849407692142904
960.86,900.3729344184381,60.487065581561865
343.48,424.04557345583345,-80.56557345583343
2424.83,2401.3121721139833,23.517827886016676
920.08,871.4603927920648,48.619607207935246
3162.77,2853.8169526057704,308.95304739422954
1411.04,1359.5174637669845,51.522536233015444
650.47,655.9454268149979,-5.475426814997832
285.19,459.61715642629804,-174.42715642629804
921.05,878.4703978573095,42.57960214269042
1347.83,1408.9907475701946,-61.160747570194644
965.75,997.9148926560883,-32.16489265608834
2248.1,2263.349588264513,-15.249588264513022
981.68,1022.5504324722907,-40.87043247229076
1229.58,1212.263227340382,17.316772659617982
1309.78,1311.5375885750752,-1.7575885750752605
209.95,342.27461070882947,-132.32461070882948
798.81,747.791905932465,51.01809406753489
1516.5,1518.117095833456,-1.6170958334560055
596.58,702.7659107116909,-106.1859107116909
912.24,940.1471052179865,-27.90710521798644
553.66,596.8992151028675,-43.23921510286755
930.52,966.0302057815559,-35.5102057815559
1293.75,1360.331942613004,-66.581942613004
376.56,420.3031754415386,-43.7431754415386
736.3,726.8617144201164,9.43828557988354
1022.67,881.6879437235397,140.9820562764603
1335.88,1237.1838774976993,98.6961225023008
919.58,835.1144359707946,84.46556402920544
703.01,751.3082284020024,-48.29822840200245
1683.45,1715.057468046566,-31.607468046566055
1179.37,1187.6533911330077,-8.283391133007854
849.26,916.2317055596079,-66.97170555960793
1060.55,1049.7005783633574,10.849421636642546
848.9,831.5081181553953,17.391881844604654
587.32,664.0900283476219,-76.77002834762186
1149.0,928.2000520780333,220.7999479219667
1350.29,1368.7810398262961,-18.491039826296173
1308.95,1363.829607500887,-54.879607500887005
1394.26,1195.9001447833639,198.3598552166361
740.25,806.4102613339128,-66.16026133391279
827.6,852.8081563148863,-25.20815631488631
803.2,807.3680934675823,-4.168093467582253
1502.37,1526.6305481447089,-24.26054814470899
989.28,911.1059940991224,78.17400590087755
1632.23,1867.059539930058,-234.829539930058
899.38,826.1526371494407,73.2273628505593
1255.06,1254.3138151927471,0.7461848072528028
1042.17,1037.02631210918,5.143687890820047
1049.73,1054.3688963256545,-4.638896325654514
1274.52,1288.7016525278436,-14.181652527843653
627.21,654.6170822037047,-27.407082203704704
784.02,835.8494666520411,-51.829466652041106
711.72,786.0785523220763,-74.35855232207632
664.28,662.8671789850812,1.4128210149187908
1216.55,835.9842824139283,380.5657175860716
1322.04,1321.8014571717374,0.23854282826255258
1215.21,1278.8485725859646,-63.63857258596454
1406.64,1359.1585404240577,47.48145957594238
1885.95,1787.6249848591417,98.32501514085834
1857.8,1846.8917862990402,10.908213700959777
1226.38,1188.9615689264265,37.41843107357363
1244.87,1190.045880187347,54.82411981265295
1352.6,1375.3656195991327,-22.765619599132833
845.79,870.1745354026401,-24.384535402640154
775.48,1289.921702044647,-514.441702044647
660.73,684.7111731856002,-23.98117318560014
991.85,1051.657459569896,-59.80745956989597
1401.54,1482.036051691485,-80.49605169148504
1020.71,1038.7883059183719,-18.078305918371825
486.25,529.882921354952,-43.63292135495203
947.15,883.419831454944,63.73016854505602
1959.5,2037.4487558541034,-77.94875585410341
1913.53,1987.0080327464245,-73.47803274642456
919.51,877.469997065677,42.040002934322956
901.64,915.560125511208,-13.92012551120797
1230.8,1137.461777462694,93.33822253730591
1164.75,1155.8809072527772,8.869092747222794
955.45,890.2304250875336,65.21957491246644
929.95,1009.9173769864741,-79.96737698647405
1125.88,1095.0250740754605,30.854925924539657
2134.62,2058.319005253253,76.30099474674671
928.45,852.3319712613446,76.11802873865543
1419.58,1442.543008344872,-22.96300834487215
1805.82,1707.2275253394553,98.59247466054467
736.22,765.314022783515,-29.094022783515015
926.83,936.5431733706554,-9.71317337065534
1015.06,1069.5013026643135,-54.441302664313525
1132.6,1230.746014629771,-98.14601462977112
1698.5,1747.1891496091098,-48.68914960910979
1391.98,1389.08735708189,2.892642918109914
1246.72,1077.9385951376278,168.78140486237226
904.87,875.2482502305058,29.62174976949416
912.12,916.3131282077068,-4.1931282077067635
720.05,750.0625385584896,-30.01253855848961
876.85,856.8104668610966,20.03953313890338
1040.79,995.7462082505477,45.043791749452225
1457.44,1540.0317339629667,-82.5917339629666
1071.27,1015.5969471278286,55.67305287217141
724.74,799.4445495805039,-74.70454958050391
887.34,893.547301519016,-6.207301519015914
1165.15,1207.9308126634483,-42.78081266344816
721.21,745.5436613785885,-24.33366137858843
1333.23,1269.5856145585403,63.64438544145969
1509.96,1338.843617658824,171.11638234117595
1030.14,1123.868130201439,-93.72813020143894
853.92,846.3902401171573,7.529759882842654
1137.14,1105.529803629496,31.610196370504127
1125.29,1064.4322375977185,60.85776240228142
734.2,834.7022805532982,-100.50228055329819
1796.5,1840.8788314864057,-44.378831486405716
943.74,911.1781594397354,32.56184056026461
979.73,1022.3936497030478,-42.66364970304778
762.42,903.0387629719502,-140.61876297195022
1500.96,1482.5091309563618,18.45086904363825
1084.98,1100.1173647359788,-15.137364735978736
1719.13,1508.5045822951647,210.6254177048354
693.61,731.1026953260714,-37.492695326071384
1452.42,1395.1908626875882,57.22913731241192
673.2,709.5945788648471,-36.39457886484706
534.72,503.49309622445935,31.226903775540677
1438.72,1455.9741251813252,-17.254125181325207
843.27,938.2056427726517,-94.9356427726517
1064.07,1042.3401496564693,21.729850343530643
831.49,895.3643376563082,-63.87433765630817
692.75,715.5509232579816,-22.800923257981594
3640.19,3501.1575035007945,139.03249649920554
1180.66,1166.9106619399968,13.74933806000331
1579.61,1558.7355238869204,20.87447611307948
578.23,604.2785719917609,-26.048571991760923
1080.18,1193.8610493567678,-113.68104935676774
664.89,692.838891514173,-27.948891514173056
573.42,648.2264117011551,-74.80641170115518
731.09,823.2959949506557,-92.20599495065562
764.99,743.267364444488,21.722635555512056
1291.87,1317.0836448995221,-25.21364489952225
1026.54,1051.1302886010883,-24.590288601088332
1276.24,1156.0037156689923,120.23628433100771
2588.96,2638.718887801614,-49.75888780161404
1171.57,1215.0883558411754,-43.518355841175435
830.17,860.6713745639474,-30.50137456394748
924.14,949.9993836264662,-25.859383626466183
1449.84,1445.5842969112778,4.255703088722157
1464.4,1365.2349758530556,99.16502414694446
1583.0,1570.465566658304,12.534433341696058
907.55,912.2957517130957,-4.7457517130957285
2035.47,1983.406632441731,52.063367558268965
837.55,845.3878515263925,-7.837851526392569
617.12,661.0314947121838,-43.91149471218375
702.69,743.7661887215348,-41.07618872153478
2565.27,2667.9910451754245,-102.72104517542448
976.1,963.2404146392375,12.85958536076248
1272.62,1210.7437274797342,61.87627252026573
681.1,651.2399715038645,29.860028496135556
876.14,847.1930786429427,28.94692135705725
1225.59,1279.0509798578123,-53.46097985781239
1198.57,1133.978555960698,64.5914440393019
21.46,90.87912102851388,-69.41912102851387
1418.98,1398.2567607409003,20.723239259099728
931.45,972.1760356162064,-40.72603561620633
1548.51,1499.5356994824558,48.97430051754418
595.14,636.6511305031414,-41.51113050314143
752.63,757.3178988577583,-4.687898857758341
1297.27,1290.1579661952312,7.112033804768771
736.35,771.0760627978973,-34.72606279789727
1638.74,1541.9229048149284,96.8170951850716
1002.97,953.9870170011587,48.982982998841294
631.1,679.4678250418079,-48.36782504180792
1301.4,1343.268140232949,-41.86814023294892
629.89,688.2535607716786,-58.363560771678635
1163.16,1133.541431802621,29.61856819737909
627.51,648.3889385442901,-20.878938544290122
628.25,652.8947996847157,-24.644799684715736
525.79,568.4853500010754,-42.69535000107544
991.67,1023.3470069964085,-31.677006996408522
1434.86,1447.5935421817953,-12.733542181795428
1611.01,1689.6167092255703,-78.60670922557028
1473.11,1475.9149493007303,-2.8049493007304136
1309.53,1315.8102544983499,-6.280254498349905
1494.47,1453.1250789487935,41.344921051206484
1962.48,1032.3487490827556,930.1312509172444
1205.04,1207.5771484878196,-2.5371484878196497
510.5,508.1211070487231,2.378892951276896
650.88,625.7557732022025,25.12422679779752
1325.74,1215.253696510683,110.48630348931692
979.91,1239.0982442260101,-259.18824422601017
812.36,875.3779832798676,-63.01798327986762
569.54,621.4066987091693,-51.86669870916933
1188.02,1213.9242622657016,-25.904262265701618
1015.24,1017.9705321136809,-2.7305321136808516
626.65,489.086912607701,137.563087392299
1836.15,1889.3152657973362,-53.16526579733613
781.24,849.2719361196594,-68.03193611965935
889.56,917.9576120223616,-28.397612022361614
938.43,896.6869329543356,41.74306704566436
1043.62,1082.5057408686766,-38.88574086867675
1081.71,1199.7339950778178,-118.02399507781774
1906.65,1893.1527604543246,13.497239545675484
1275.17,1277.6133937459417,-2.4433937459416484
1291.53,1231.4132673989213,60.11673260107864
1634.17,1660.124377216084,-25.954377216083913
562.61,522.6862237352584,39.923776264741605
752.93,733.5984295492835,19.331570450716413
1538.26,1541.2861244735716,-3.026124473571599
2020.76,1998.3917184903553,22.368281509644703
1255.14,1289.2531324133715,-34.11313241337143
659.13,782.1347336375119,-123.00473363751189
503.67,551.632639137814,-47.96263913781394
4481.55,3850.8970477810285,630.6529522189717
1659.12,1707.588504859273,-48.468504859273025
998.05,991.8397492253265,6.2102507746734545
658.55,667.0619867517781,-8.511986751778181
1380.23,1405.8961612729745,-25.666161272974477
2155.6,2113.69339515619,41.90660484380987
983.49,1060.5316445146907,-77.04164451469069
730.57,530.0188111830664,200.55118881693363
1420.75,1358.9684585758766,61.78154142412336
889.94,981.5664897785275,-91.62648977852746
513.7,493.278202592432,20.42179740756802
2530.27,2393.548901922093,136.72109807790684
827.85,872.3648619874251,-44.51486198742509
711.66,672.1332222347545,39.52677776524547
1175.28,1169.939436289896,5.340563710103879
994.5,944.5954756174533,49.9045243825467
933.46,937.1180115848111,-3.6580115848111063
1795.12,1812.0623352544314,-16.942335254431555
1203.42,1274.1405491281748,-70.72054912817475
743.87,773.2632380602537,-29.39323806025368
821.76,879.7945828864185,-58.03458288641855
1400.7,1422.480350980659,-21.780350980659023
1772.91,1797.2494135791028,-24.33941357910271
1064.43,982.0444164464847,82.3855835535154
601.29,773.8595633481733,-172.56956334817335
712.54,773.5133873169901,-60.97338731699017
1251.42,1290.3580229905317,-38.938022990531636
515.86,508.42558135473473,7.434418645265282
883.92,846.1571501156615,37.76284988433849
1278.29,1262.8874777285978,15.402522271402177
749.35,773.2805814922885,-23.930581492288525
900.87,855.6760630789777,45.19393692102233
806.5,880.0730166728538,-73.57301667285378
752.58,803.6726504505616,-51.092650450561564
523.2,549.4277593750719,-26.227759375071855
967.8,1059.2323390177562,-91.43233901775625
1315.04,1246.6055821946218,68.43441780537819
1066.88,1139.9845571360916,-73.10455713609144
1133.22,1112.218119124845,21.00188087515494
1360.13,1317.1265302362178,43.00346976378228
802.37,1061.7707142863812,-259.40071428638123
874.31,842.8479859620238,31.462014037976132
1074.83,977.1970598692179,97.632940130782
893.47,932.6506480574975,-39.18064805749748
455.57,548.2077192132159,-92.63771921321592
1072.08,1071.638901593261,0.4410984067390018
827.65,860.428017563523,-32.77801756352301
1660.91,1643.8538504686094,17.0561495313907
2085.08,2202.758101327997,-117.67810132799696
853.97,876.336253240982,-22.36625324098202
721.28,728.711453265402,-7.4314532654020695
510.0,717.5594649816337,-207.5594649816337
1051.47,1196.7375276572645,-145.2675276572645
1231.96,1159.2706756687762,72.68932433122382
1280.78,1254.3039922220246,26.476007777975383
1817.71,1816.9353166277037,0.7746833722962947
1890.11,1758.8143629980032,131.29563700199674
2486.45,2551.7066341175578,-65.25663411755795
659.13,661.3750164540821,-2.2450164540821334
1305.06,1229.257983432952,75.80201656704799
675.09,630.5931792843581,44.49682071564189
1730.85,885.9632330796047,844.8867669203952
1015.72,1080.6347306613957,-64.91473066139565
1164.4,1114.8938783313185,49.506121668681544
1074.89,1115.3771841204139,-40.48718412041376
2455.67,2405.4954698082774,50.174530191722624
2376.01,2423.5721362884447,-47.562136288444435
1459.43,1382.9092352889345,76.52076471106557
995.37,1002.2572940125076,-6.887294012507596
799.16,838.3521935650846,-39.19219356508461
837.27,785.1344740509168,52.13552594908322
1288.97,1255.1156651115502,33.854334888449785
714.01,787.1769616316346,-73.16696163163465
757.45,794.3516734453245,-36.90167344532449
742.63,791.6424202252807,-49.01242022528072
1440.66,1412.886164604457,27.773835395543074
860.56,889.7011931192285,-29.141193119228546
1311.99,1342.5474462658567,-30.557446265856697
1068.01,1057.8423776316663,10.167622368333696
666.75,647.1436567993834,19.606343200616607
897.53,943.7706550805649,-46.24065508056492
816.04,865.6822564280266,-49.6422564280266
480.99,575.4605178317346,-94.47051783173458
1154.09,1107.8979965823992,46.192003417600745
344.6,371.51301840243974,-26.913018402439718
582.13,778.7728128151874,-196.64281281518743
1744.4,1571.0919391991124,173.3080608008877
743.33,774.8600414238882,-31.53004142388818
647.35,693.3027424123234,-45.952742412323346
426.71,458.4398604459521,-31.729860445952113
865.3,866.435145909721,-1.1351459097210181
669.46,659.1503707387931,10.309629261206965
834.37,923.3611536475981,-88.99115364759814
1147.3,836.9252253043477,310.37477469565226
898.43,945.2176186076872,-46.78761860768725
610.09,607.1893311872999,2.9006688127001325
1468.29,1500.1265731515068,-31.836573151506855
1378.03,956.3797578117193,421.6502421882807
2338.43,984.9885716745297,1353.44142832547
772.68,940.7755752593611,-168.0955752593611
2008.49,2028.055139925501,-19.565139925500944
1370.14,1335.0851071959867,35.054892804013434
625.06,706.2317817710165,-81.17178177101653
1291.37,1308.0583445745474,-16.6883445745475
1147.03,1116.0975373420754,30.93246265792459
674.09,662.3048962185926,11.785103781407429
982.75,997.9887570000282,-15.238757000028158
750.72,798.7874512805388,-48.06745128053876
1221.15,1190.9892347752937,30.160765224706438
989.13,1054.937381705429,-65.80738170542907
1074.25,1064.8349968578864,9.415003142113619
499.28,503.9494637462506,-4.669463746250642
1449.62,1426.0365486470416,23.583451352958264
1869.78,1319.1651008300457,550.6148991699542
620.42,672.8120122680717,-52.39201226807177
1168.77,1218.1621279023498,-49.392127902349785
1729.81,1773.4329800167432,-43.62298001674321
812.23,806.6933388368376,5.536661163162421
950.91,971.6662731010381,-20.75627310103812
530.71,519.6937115170601,11.016288482939899
1477.89,1452.5800627322485,25.309937267751593
956.43,904.9853567855395,51.444643214460484
699.0,672.5819187623746,26.418081237625415
2141.99,2059.602694491369,82.38730550863056
719.51,770.8316668407515,-51.321666840751504
2276.14,2186.4529803096175,89.68701969038239
1540.52,1561.6676448590495,-21.14764485904948
1170.46,1123.5340820369324,46.925917963067604
1548.28,1523.3619165380148,24.918083461985134
372.36,402.3640100113677,-30.00401001136771
1711.33,1703.225610880513,8.104389119486996
1847.87,1811.6047896509467,36.26521034905318
1663.01,1590.6806260618291,72.32937393817087
969.85,974.183980845708,-4.33398084570797
2597.18,2515.4426036235805,81.73739637641938
1808.75,1824.3261208416968,-15.57612084169682
646.05,677.7622928228234,-31.71229282282343
720.45,742.8916381971776,-22.441638197177554
1342.15,1149.60766740433,192.54233259567013
1360.99,1427.7860672554662,-66.79606725546614
1525.25,1547.1048927543413,-21.854892754341336
813.01,865.7229057342505,-52.71290573425051
678.18,672.9125551500495,5.267444849950493
1401.18,1383.6114523007886,17.568547699211422
1054.24,945.3755814398919,108.8644185601081
1561.72,1606.8993838315678,-45.17938383156775
1558.19,1371.4653647776406,186.72463522235944
611.51,609.5258097797958,1.984190220204141
905.34,966.8903373157801,-61.5503373157801
636.66,672.2693005949201,-35.609300594920114
812.0,981.3773267978275,-169.37732679782755
1888.03,1802.7025502429633,85.32744975703667
941.42,977.1109140906334,-35.69091409063344
829.12,984.9931049256271,-155.8731049256271
985.46,1020.0626460621883,-34.60264606218823
2096.99,2181.240033970651,-84.2500339706512
616.54,637.8075067928378,-21.26750679283782
2373.1,2323.4576254569574,49.64237454304248
1266.39,1242.4109641342022,23.97903586579787
2123.48,1999.3127508577738,124.16724914222618
1283.25,1345.908405260605,-62.65840526060492
1031.11,1044.1602628673393,-13.05026286733937
1184.9,1331.0053903709486,-146.1053903709485
985.76,1178.1369500986793,-192.37695009867934
1023.68,987.9867720133951,35.693227986604825
1372.41,1389.5417728782809,-17.1317728782808
1300.53,1270.2712389169294,30.258761083070567
828.89,862.770970868293,-33.88097086829305
1762.13,1797.1038134121636,-34.97381341216351
834.16,834.6108680003625,-0.45086800036256136
657.13,620.6490468452051,36.48095315479486
538.16,553.5507749395665,-15.39077493956654
1532.69,881.8629869449394,650.8270130550607
3267.1,3260.7331210441416,6.366878955858283
1022.09,1016.1661618439687,5.9238381560313655
258.2,359.78219804387544,-101.58219804387545
416.98,453.28569596651073,-36.30569596651071
388.51,403.70047239883405,-15.19047239883406
1890.91,1970.7285050411895,-79.81850504118938
693.07,745.8772446067662,-52.807244606766176
1466.86,1401.1602772879512,65.6997227120487
880.98,957.528326916432,-76.54832691643196
1413.24,1356.4602042750564,56.7797957249436
1232.53,1211.7362068155521,20.79379318444785
892.31,882.6351137063592,9.674886293640725
993.44,1027.8194388477066,-34.379438847706524
662.09,661.6006580468975,0.4893419531025529
1037.83,1056.6719471450858,-18.841947145085896
264.86,531.6247814797863,-266.7647814797863
495.29,564.583009580482,-69.29300958048196
915.19,921.3895394004539,-6.199539400453887
1674.78,1693.4608743953488,-18.680874395348837
676.7,694.3733920006217,-17.673392000621675
1330.65,1297.2726848680427,33.3773151319574
720.37,707.7294794674655,12.640520532534538
1423.43,1296.6019266177668,126.82807338223324
768.03,890.1639573465416,-122.13395734654159
928.18,919.4618260773377,8.718173922662231
819.65,819.0692206865095,0.5807793134904387
724.6,755.1487130323519,-30.548713032351884
1639.54,1618.890533526712,20.64946647328793
870.08,877.8906566697585,-7.810656669758487
513.86,601.8289384266795,-87.96893842667953
1314.26,1346.6744735979282,-32.414473597928236
1422.02,1064.673074857436,357.34692514256403
851.01,734.13645539975,116.87354460024994
2199.8,2114.8160002872014,84.98399971279878
883.39,902.298537837003,-18.908537837002996
1104.81,1105.6684727891445,-0.8584727891445709
627.44,703.2419718352834,-75.80197183528333
693.39,705.4747151568292,-12.084715156829247
1028.99,1039.0725637833184,-10.082563783318392
1063.08,1164.1514232296788,-101.07142322967889
1953.5,1238.2096271387975,715.2903728612025
1106.32,1129.2481521433604,-22.92815214336042
1480.03,1435.903329155688,44.126670844312
934.79,1001.5471781187335,-66.75717811873358
774.44,812.8367963077586,-38.396796307758564
1324.89,674.1036427988116,650.7863572011885
1409.4,1463.3394869729568,-53.93948697295673
1197.15,1191.2568352802914,5.893164719708693
666.13,709.027806563781,-42.897806563781046
1188.02,1326.2850318056146,-138.26503180561463
929.54,955.6057461869589,-26.065746186958904
1422.25,1387.110397444985,35.13960255501502
1655.37,1573.746328770993,81.62367122900696
1480.45,1478.04017492393,2.409825076070092
1357.26,1324.174018314102,33.08598168589788
1018.18,907.7454693299285,110.43453067007147
2150.86,2014.8432139426427,136.01678605735742
823.19,808.9192470898577,14.270752910142392
3096.9,2953.867046079083,143.03295392091695
1467.05,1512.0636839052936,-45.01368390529365
2191.5,2137.783752639079,53.71624736092099
1895.46,1865.6942273167356,29.76577268326446
993.15,858.1131933612546,135.03680663874536
931.42,886.1395947158354,45.280405284164544
767.48,779.0029235799706,-11.522923579970552
1958.11,1966.3212026511133,-8.211202651113354
904.52,978.8816423567938,-74.36164235679382
2241.75,1959.347782938665,282.402217061335
924.37,1009.6852924910928,-85.3152924910928
1431.79,1213.7954972678674,217.99450273213256
1522.18,1412.7285822267818,109.45141777321828
1287.47,1215.4547752931367,72.01522470686336
706.45,702.9369876890728,3.5130123109272517
895.44,892.1552797295941,3.2847202704059555
1938.88,1980.593495823735,-41.713495823735
865.19,729.9291540041971,135.26084599580292
1603.77,1518.7648458662952,85.00515413370476
835.73,836.4728993473777,-0.7428993473777155
521.37,575.0655938246026,-53.69559382460261
767.47,761.7362818141793,5.733718185820749
2034.97,2031.4403004682729,3.5296995317271467
1282.67,1239.2786834166686,43.391316583331445
559.79,632.1762254562303,-72.38622545623036
575.47,590.1591880513989,-14.6891880513989
954.35,855.4921881006926,98.85781189930742
722.06,732.2414824967822,-10.181482496782223
563.63,595.5800314836247,-31.950031483624684
1740.46,1627.1740462112905,113.28595378870955
716.15,766.2158476916233,-50.065847691623276
1957.09,1954.098265729977,2.9917342700230165
811.07,767.4333897547797,43.63661024522037
1071.13,1093.697351435348,-22.567351435347973
1410.41,1297.1436557756067,113.26634422439338
1453.69,1358.8414237450042,94.8485762549958
941.1,969.80059765276,-28.70059765275994
1483.13,1529.8537593621852,-46.72375936218509
747.9,784.0258579722679,-36.12585797226791
497.81,598.9024879256143,-101.09248792561431
954.33,769.7480846951385,184.58191530486158
836.59,978.8522939663202,-142.26229396632016
1852.95,1852.5672217576657,0.3827782423343251
871.35,811.4246738078334,59.92532619216661
713.74,768.9240669522638,-55.184066952263834
1411.09,1389.0577202926852,22.03227970731473
2226.7,2234.512868006464,-7.812868006464214
950.3,946.111686961895,4.18831303810498
344.33,453.9317403887657,-109.60174038876573
1432.18,1359.9408063701694,72.23919362983065
1312.63,1416.9625271659045,-104.33252716590437
980.0,1041.1172248024966,-61.117224802496594
637.4,705.6697095336173,-68.26970953361729
825.89,801.2525304802705,24.637469519729507
2077.11,2063.493382951756,13.61661704824428
1701.04,1714.0455685068669,-13.005568506866894
1191.2,1194.268026517645,-3.0680265176449666
840.46,781.7797491695588,58.680250830441196
879.07,957.9853666049461,-78.91536660494603
1300.16,1292.6796367498034,7.48036325019666
1192.02,1145.851592294019,46.16840770598105
728.43,770.451338462288,-42.0213384622881
1983.56,1886.4116151684311,97.14838483156882
1238.56,1091.9646483983922,146.59535160160772
1188.04,1246.1137877234407,-58.07378772344077
2936.17,2679.7622874404574,256.4077125595427
574.82,583.0856942221309,-8.265694222130833
1398.17,1323.9058471181784,74.2641528818217
812.82,847.7446310171829,-34.92463101718283
1151.56,1172.306315521186,-20.746315521186034
953.96,1223.4199369575822,-269.45993695758216
738.94,776.3536023480069,-37.41360234800686
1861.75,1749.7165462065195,112.03345379348048
1406.07,1274.0652676289515,132.00473237104848
694.15,1013.9868101141027,-319.8368101141027
1005.5,991.5894885033739,13.9105114966261
715.12,780.918926648755,-65.79892664875501
585.43,651.964889513233,-66.534889513233
1338.25,1433.4811100800125,-95.23111008001251
1298.91,1290.2298115485135,8.680188451486629
1006.55,1001.140332880805,5.409667119194978
2415.61,2305.3774415982944,110.23255840170577
883.27,927.7201042098305,-44.450104209830556
1041.92,1044.5893049533308,-2.669304953330766
3017.33,3112.106958332524,-94.77695833252392
1366.53,1412.2551075283918,-45.725107528391845
1802.8,1807.4898898020665,-4.689889802066546
1149.34,1120.7402517222542,28.599748277745675
874.36,931.755334471727,-57.39533447172698
1415.8,1420.5672870594794,-4.767287059479486
2019.01,1307.2101772875885,711.7998227124115
1135.61,1074.343275268438,61.26672473156191
748.38,828.0344766006098,-79.65447660060977
902.73,929.4086636969316,-26.678663696931608
1631.82,1170.442333774536,461.3776662254638
2158.39,2119.3427657893053,39.04723421069457
1253.6,1241.241925416584,12.358074583415828
1305.22,1355.7995056028776,-50.57950560287759
944.87,936.6725329461594,8.197467053840569
1078.5,1119.6844479580368,-41.1844479580368
784.34,863.6869639973288,-79.34696399732877
1547.74,1598.4832034202432,-50.74320342024316
505.56,560.5069796665763,-54.94697966657628
1622.64,1587.8096897044893,34.8303102955108
1236.42,1245.760279311453,-9.340279311452832
545.44,550.9418772842272,-5.501877284227135
917.1,756.1572236286307,160.9427763713693
1449.18,1411.2750714442407,37.9049285557594
1157.76,1131.7758927615168,25.984107238483148
774.61,819.4940207372231,-44.88402073722307
1629.83,1662.042599043574,-32.21259904357407
1702.02,1789.1166776523405,-87.09667765234053
1589.34,1595.6806028229578,-6.340602822957862
824.98,807.7150496146095,17.264950385390534
844.98,828.1593747621355,16.820625237864533
954.27,984.2239660837593,-29.95396608375927
917.63,903.0139077134055,14.616092286594494
937.8,962.3824125022677,-24.582412502267744
504.23,618.6500878553591,-114.42008785535904
965.68,946.1948271652503,19.48517283474962
1154.26,1157.1374463494299,-2.8774463494298743
1084.19,1081.2928871507315,2.897112849268524
962.28,1027.6204151706772,-65.34041517067726
1052.07,1066.4746049400928,-14.404604940092895
873.74,901.8150745958214,-28.075074595821434
1671.5,1508.5573593540182,162.94264064598178
1101.59,1060.194890688834,41.395109311165925
1108.63,1052.015583294471,56.61441670552904
992.07,991.0027572763121,1.0672427236879685
2068.95,2122.4722570899276,-53.522257089927734
1695.71,1742.6264427306014,-46.916442730601375
850.52,839.6223433298294,10.89765667017059
533.84,570.3035862634059,-36.46358626340589
1310.61,1288.5035546485203,22.10644535147958
2061.09,1861.2419153767462,199.84808462325395
1532.26,1612.4654993282732,-80.20549932827316
862.97,897.9206467226581,-34.95064672265812
986.99,1003.1117681842594,-16.121768184259395
976.2,946.3947702644183,29.805229735581747
1255.31,985.7378056170866,269.5721943829134
1483.23,1336.1954797595795,147.03452024042053
835.87,960.5146103649936,-124.64461036499358
839.56,829.2323972252256,10.327602774774391
636.16,681.8920881172334,-45.73208811723339
613.28,655.6000046256157,-42.32000462561575
889.9,945.2635261807525,-55.3635261807525
862.94,773.0628398087451,89.87716019125492
740.1,1005.6433993842884,-265.54339938428836
2335.18,2221.954695533676,113.2253044663239
1522.81,1460.2772747039094,62.532725296090575
1700.36,1681.5575225301952,18.80247746980467
839.26,874.5866927241042,-35.32669272410419
1293.16,1277.0884927745797,16.07150722542042
1432.64,1331.4198751773326,101.22012482266746
798.39,843.5292400152664,-45.13924001526641
1971.16,2064.6723084965593,-93.51230849655917
512.81,512.5753480670223,0.2346519329776129
1381.65,1187.861957315471,193.78804268452905
1142.47,1182.4586349716446,-39.988634971644615
1129.65,1141.2990238912505,-11.649023891250408
764.46,764.9845412824889,-0.5245412824888263
1103.87,1110.822485677882,-6.952485677882123
1802.59,1768.6736959409643,33.91630405903561
728.59,703.662701004894,24.92729899510607
886.88,842.6154783944223,44.26452160557767
212.71,331.8713818344138,-119.16138183441379
353.48,466.80734776184903,-113.32734776184901
773.56,816.6628341990653,-43.10283419906534
1495.79,1375.950171056863,119.83982894313704
1044.02,972.4045021971059,71.61549780289408
719.72,793.5918813221211,-73.87188132212111
943.62,959.7666376561333,-16.146637656133294
1241.49,892.760992513661,348.729007486339
611.24,580.708345464876,30.531654535124062
1136.44,1078.1278650615645,58.31213493843552
1060.44,832.0943330985799,228.34566690142015
1937.41,1729.3657241765618,208.04427582343828
1805.05,1803.8810176995034,1.1689823004965092
2171.67,2144.468657964665,27.201342035335074
576.66,586.8973085857978,-10.237308585797791
1589.13,1540.4220231526476,48.707976847352484
912.11,935.1490649133232,-23.03906491332316
1274.55,1330.1052489190627,-55.555248919062706
1064.35,1064.9323532164317,-0.582353216431784
1225.66,1177.217463488157,48.44253651184317
1659.47,1555.8922934743032,103.57770652569684
691.99,744.9531593201193,-52.9631593201193
638.02,645.9746465070382,-7.9546465070382055
1030.94,1097.8522979674988,-66.91229796749872
1620.4,1585.6084261558126,34.791573844187496
840.05,864.2238102489343,-24.173810248934387
735.63,748.1193313379006,-12.48933133790058
598.99,574.695936792195,24.29406320780504
955.81,965.7014680387958,-9.891468038795892
659.89,669.2730240369998,-9.383024036999814
1147.3,1206.5970450355069,-59.297045035506926
1382.84,1380.0430969024812,2.7969030975186797
363.74,461.6564407143579,-97.91644071435792
1135.38,1078.5004306955632,56.87956930443693
804.74,805.1202278068224,-0.3802278068224041
570.93,572.4638509124073,-1.533850912407388
1646.17,1586.9955836825327,59.174416317467376
819.29,794.8829220467752,24.407077953224757
2355.14,2304.332194297621,50.80780570237903
1878.97,1863.5710622282268,15.398937771773262
1426.87,1438.242961266785,-11.372961266785069
863.93,857.3051122602254,6.624887739774522
696.97,749.120527102914,-52.150527102914
788.6,831.2007017983606,-42.60070179836055
1344.24,1063.8210600509594,280.4189399490406
1978.99,1647.0013072852564,331.9886927147436
1954.77,1958.2598538395125,-3.4898538395125343
924.11,1012.0089890209526,-87.89898902095263
2020.13,2014.496973814175,5.6330261858252015
1019.38,996.9127493175499,22.46725068245007
272.69,391.89808278074565,-119.20808278074566
688.33,764.7698825110195,-76.4398825110195
1144.44,1211.2618421651514,-66.82184216515134
857.22,794.0742613154858,63.145738684514185
1315.41,1113.9182442599774,201.49175574002265
1028.29,992.1193292708261,36.17067072917382
878.89,871.3363433450758,7.553656654924225
1000.2,1051.4009779294024,-51.20097792940237
1894.4,1850.6402342876338,43.75976571236629
1036.53,1047.680636909231,-11.150636909231025
858.68,931.4704485030495,-72.79044850304956
1029.54,964.3501000996653,65.1898999003347
929.35,854.2669371506945,75.08306284930552
1120.65,1187.679402755134,-67.02940275513402
2221.15,2181.3607710164947,39.78922898350538
706.25,770.291161466222,-64.04116146622198
859.23,904.0177452350947,-44.78774523509469
978.7,999.1525875038133,-20.45258750381322
857.8,884.4980422244901,-26.69804222449011
716.09,762.0761393134518,-45.98613931345176
1057.86,1050.7209526104082,7.139047389591724
2042.71,2006.6646004332974,36.0453995667026
1926.82,1732.4430964490823,194.37690355091763
707.11,715.4671023995204,-8.357102399520386
1239.86,1223.623125197566,16.23687480243393
2226.91,2153.4808863557078,73.4291136442921
749.65,969.0221932014086,-219.37219320140866
823.69,834.687655280511,-10.997655280510912
1330.63,1250.7818752328428,79.84812476715729
1341.11,1351.3763593984615,-10.266359398461645
928.5,922.6275651564513,5.872434843548717
999.68,954.3521894120923,45.32781058790761
1634.14,1523.7172951913449,110.42270480865523
903.15,981.9766198595644,-78.8266198595644
1021.17,1026.5665665584634,-5.396566558463405
1802.43,1129.2994215953684,673.1305784046317
817.47,993.3943657767873,-175.92436577678723
931.75,1067.6932845818972,-135.94328458189716
1180.77,1161.0482331390276,19.721766860972366
936.91,914.9253290623528,21.984670937647138
635.9,683.707743053857,-47.80774305385705
758.52,756.5456421191773,1.9743578808227085
1161.22,1232.3934080269873,-71.17340802698732
1304.51,1124.0554933682345,180.45450663176553
755.19,821.1188489241819,-65.9288489241818
1698.21,1737.290813907653,-39.08081390765301
929.51,896.7601268807852,32.74987311921484
539.55,529.7358289545233,9.814171045476655
647.55,696.861593352403,-49.311593352403065
1418.08,1383.842566955719,34.23743304428103
1006.43,1040.3679503756753,-33.937950375675314
1126.26,1157.6101981702095,-31.350198170209524
596.28,676.7179766993617,-80.43797669936168
1118.06,1151.5216542804785,-33.46165428047857
889.44,964.0018579914472,-74.56185799144714
1231.55,1299.0061584797322,-67.45615847973227
195.71,240.65167391720635,-44.941673917206344
532.78,545.1106264508072,-12.330626450807245
1274.1,1254.3419245632365,19.75807543676342
1031.12,1001.0712579316258,30.048742068374054
689.03,704.2587986281669,-15.228798628166942
1050.93,1085.7642976260277,-34.83429762602759
451.29,783.3720596788946,-332.0820596788946
658.45,672.7764035204223,-14.326403520422218
1223.25,1253.5185385082557,-30.268538508255688
1514.65,1514.926615576866,-0.2766155768658791
1060.08,1048.8559316681362,11.224068331863691
1051.12,1026.7819995485236,24.33800045147632
1012.73,1048.2518634506184,-35.52186345061841
882.01,892.6275891261217,-10.617589126121743
1488.81,1304.99742675072,183.81257324927992
610.98,651.9571027358705,-40.97710273587052
1293.43,1254.217969416345,39.21203058365495
706.35,676.5899012015309,29.76009879846913
508.17,570.9858076961655,-62.81580769616545
1345.14,1374.5056364714194,-29.365636471419293
996.3,1058.9909039544682,-62.69090395446824
1133.49,1034.2352110578677,99.25478894213234
858.94,911.9551916355539,-53.01519163555383
754.9,786.6619079017428,-31.761907901742802
769.45,780.4573669942374,-11.007366994237373
1422.14,1401.3191495185963,20.820850481403795
1852.72,1796.071756267056,56.64824373294414
966.67,965.2447218014262,1.4252781985737784
2130.12,2084.776100849296,45.34389915070369
1536.62,1632.09481002452,-95.47481002452014
1655.28,1557.6340401010154,97.64595989898453
1732.97,1725.1640418277173,7.805958172282772
1204.9,1345.5482754071068,-140.64827540710667
2012.36,1784.427446476278,227.93255352372194
776.63,815.7729390208308,-39.142939020830795
768.36,752.4661588795657,15.893841120434331
739.43,755.3849623098916,-15.954962309891698
845.64,830.3339213619562,15.3060786380438
683.56,647.3653599964443,36.194640003555605
1120.91,1061.3172822402869,59.592717759713196
707.76,585.1499546292246,122.61004537077542
842.96,859.5891014416856,-16.62910144168552
879.08,998.09198217516,-119.01198217515991
547.46,594.6298912359937,-47.169891235993646
662.44,610.4428000431413,51.99719995685871
2298.64,2349.1967590374115,-50.556759037411666
1165.99,1166.62646705328,-0.6364670532800574
1120.24,1192.8378719787358,-72.59787197873584
1676.7,1614.6678257231986,62.03217427680147
1552.18,1536.1153376281477,16.064662371852364
1669.85,1613.1380079641665,56.71199203583342
1119.97,1138.4154115863823,-18.445411586382306
1718.75,1745.8400294117741,-27.09002941177414
613.9,605.4968871503621,8.403112849637864
3217.42,3360.452988427519,-143.03298842751883
848.01,1042.7677000275662,-194.75770002756622
1001.65,710.590074727844,291.05992527215597
1936.36,1785.9089162646478,150.45108373535209
1532.09,1518.083973850189,14.00602614981085
652.99,642.809099874371,10.180900125629023
540.08,551.5634747131965,-11.483474713196415
1171.05,1251.2530407253112,-80.20304072531121
1256.57,1167.1490659626952,89.42093403730473
1087.99,1031.3247758662692,56.66522413373082
1136.08,1094.2623314412149,41.817668558785044
803.34,759.6255958996712,43.71440410032881
611.78,555.3955361339036,56.384463866096326
2052.42,2142.690739265339,-90.27073926533876
758.94,836.9904453531371,-78.05044535313709
747.3,764.7511175721447,-17.451117572144767
1453.51,1512.8732890277597,-59.36328902775972
779.12,786.8860108408584,-7.766010840858371
1077.77,1035.3992874982239,42.3707125017761
1219.03,1198.5751047480885,20.454895251911466
1401.57,1482.708867383521,-81.13886738352107
1640.64,1666.794807295113,-26.15480729511296
1359.38,1336.3975542673606,22.982445732639462
934.03,981.3927579570062,-47.36275795700624
709.78,762.0406538551606,-52.260653855160626
1585.55,1517.7566191573296,67.79338084267033
1700.81,1588.2148016218985,112.59519837810149
720.45,757.9263643701541,-37.4763643701541
3665.05,1342.5701629738483,2322.479837026152
1188.18,1186.8809433242504,1.2990566757496254
1526.88,1500.8042802346874,26.07571976531267
350.17,408.33216868603665,-58.16216868603664
1442.62,1435.2033773532912,7.416622646708674
876.94,835.9555618849995,40.98443811500056
1281.94,1268.843927329393,13.0960726706071
612.44,672.9383219101895,-60.498321910189475
853.63,833.4501723243404,20.179827675659567
649.67,738.3476610079149,-88.67766100791493
2375.26,2353.264019162128,21.99598083787214
1153.75,1144.9251322975183,8.824867702481697
1198.46,1225.16816777661,-26.708167776610026
377.6,429.0069854067014,-51.40698540670138
1205.37,1140.9330266914992,64.43697330850068
811.19,823.8207216090952,-12.63072160909519
1552.2,1499.8841243904749,52.315875609525165
1005.24,1052.6115721553801,-47.371572155380136
1359.38,1360.2010634933374,-0.8210634933373058
1193.02,1186.5392040942527,6.4807959057473
1513.04,1449.354828775771,63.68517122422895
761.53,786.4423491648353,-24.91234916483529
887.99,875.0573258090939,12.932674190906141
892.77,923.2852060079416,-30.51520600794163
1491.43,1486.415517127106,5.01448287289395
891.65,860.9678739915663,30.68212600843367
1432.74,1203.0220706600062,229.71792933999382
3008.48,2889.296244309224,119.1837556907758
456.54,602.7862320622546,-146.2462320622546
2554.73,945.5059433737246,1609.2240566262753
1017.33,992.152056188443,25.177943811557043
1675.8,1246.6068387272148,429.1931612727851
1045.24,1085.6524895587906,-40.41248955879064
1186.05,1216.573858777376,-30.523858777376063
1220.92,1131.3621636691978,89.55783633080227
1191.43,1217.1237045572602,-25.693704557260162
1243.28,1154.294432214195,88.98556778580496
1497.04,1208.0658283400496,288.97417165995034
1312.83,864.7488033039639,448.08119669603605
1144.05,1121.6871558562948,22.36284414370516
1722.5,1833.0948195546725,-110.59481955467254
1145.9,1087.5562132662021,58.34378673379797
1080.38,960.4898282962777,119.89017170372244
748.1,819.4123415760658,-71.31234157606582
820.48,744.3055130453865,76.17448695461349
1133.94,1145.0202332454141,-11.080233245414092
538.89,548.015394856555,-9.125394856554976
1367.84,1352.0165848877198,15.823415112280145
1128.51,1141.1260949180248,-12.616094918024828
776.07,727.4785102201824,48.59148977981761
1298.0,1276.6012714407557,21.39872855924432
1410.55,1332.8699916924134,77.6800083075866
738.86,818.9105015120783,-80.05050151207831
1134.69,1173.432752809749,-38.742752809748936
753.14,772.1828273854651,-19.042827385465102
1802.47,1836.7320532043582,-34.26205320435815
785.41,820.3970325603741,-34.98703256037413
856.44,834.3880783747168,22.051921625283285
1331.87,1215.3449679043183,116.52503209568158
1187.07,1173.1992881880806,13.870711811919364
785.48,778.002060515409,7.477939484591047
818.8,983.9254545497265,-165.12545454972656
1170.48,1151.2444283555537,19.23557164444628
1016.47,1038.6679522243026,-22.197952224302526
1578.91,1644.3770699136821,-65.46706991368205
1179.0,1145.6385392379168,33.3614607620832
1923.03,1952.700490057715,-29.670490057714915
1273.67,1289.0785977660216,-15.408597766021558
1073.45,1106.0577869909737,-32.607786990973636
1075.19,989.4932263885812,85.69677361141885
680.73,721.7896329659375,-41.05963296593745
1385.6,1354.6059783652927,30.994021634707224
1537.92,1586.6945086911367,-48.77450869113659
898.11,923.6197554721231,-25.50975547212306
1668.16,1256.6110068984137,411.54899310158635
1021.51,960.9079416265121,60.60205837348792
1035.21,989.7390088475457,45.4709911524543
1011.19,1012.9321272263159,-1.7421272263158016
836.98,855.115817889461,-18.13581788946101
888.16,779.3228645428298,108.83713545717012
973.56,990.7745255302493,-17.214525530249375
877.66,908.2740164505994,-30.61401645059948
1206.59,1169.51813982613,37.071860173869936
1118.34,1143.1492662896758,-24.80926628967586
665.88,650.0690517126055,15.810948287394467
880.81,935.0299539252899,-54.21995392528993
1089.96,1050.3711590333419,39.588840966658154
759.7,896.7035492198403,-137.00354921984024
1567.09,1559.1520457156983,7.937954284301668
2434.49,2516.210031236687,-81.72003123668719
595.76,625.3279432382467,-29.5679432382467
1236.18,1266.947585020351,-30.767585020350907
830.86,902.1029696470766,-71.24296964707662
614.78,628.4260414258141,-13.646041425814133
1036.45,1026.3135952493683,10.136404750631755
1163.76,1206.2876298045842,-42.527629804584194
880.58,918.1211597703418,-37.54115977034178
715.64,661.0889633756667,54.55103662433328
1423.53,1439.5535079487072,-16.02350794870722
754.84,688.307163838452,66.53283616154806
678.14,652.062451554182,26.077548445818024
1032.65,1046.862192395699,-14.212192395698821
781.35,758.1486118338313,23.201388166168726
1270.37,1292.1215365535284,-21.751536553528467
874.23,814.952566151913,59.27743384808707
357.43,412.11932482355587,-54.689324823555864
1075.25,1055.1273738243394,20.12262617566057
1860.57,1856.5659200828227,4.0040799171772505
940.59,1020.0209268378851,-79.43092683788507
1327.14,1346.6983940379525,-19.55839403795244
1023.15,1102.9725253508832,-79.82252535088321
1062.36,1059.2204832297405,3.1395167702594335
1469.69,1487.0581865879371,-17.36818658793709
589.0,615.0680623778541,-26.068062377854062
2801.16,2857.676169118807,-56.516169118807284
1192.65,1162.8747986201986,29.7752013798015
1624.62,1581.2806509134268,43.339349086573066
514.07,618.9774449846425,-104.90744498464244
1416.7,1471.4396029573734,-54.739602957373336
949.44,958.7040961239196,-9.264096123919558
1346.73,1348.4139645800603,-1.6839645800603193
1036.97,1063.2268861392045,-26.256886139204425
627.48,607.605756794857,19.87424320514299
1245.88,1226.7425079325576,19.13749206744251
1697.72,1717.4210300223258,-19.701030022325767
1078.59,1089.435764677951,-10.845764677951138
877.43,983.9680168524845,-106.53801685248459
1335.32,1314.443435115047,20.87656488495304
1803.5,1781.189607097042,22.31039290295803
987.84,1021.4231671175218,-33.583167117521725
1312.63,1315.1328040454957,-2.5028040454956226
1066.14,1065.3545039532132,0.785496046786875
991.94,923.9777864452006,67.9622135547994
1300.66,1296.0264683480862,4.633531651913927
1209.71,1242.6079569578305,-32.8979569578305
1314.4,1096.4709182331706,217.92908176682954
1552.65,1630.8705946153252,-78.22059461532513
779.88,789.2598239034675,-9.379823903467468
737.33,871.4852350122343,-134.15523501223424
599.14,652.9579983149764,-53.81799831497642
1103.15,1037.3843008878766,65.76569911212346
813.52,855.3260807128468,-41.80608071284678
889.97,895.7498099809849,-5.779809980984851
1143.75,1160.066058946598,-16.316058946598105
526.35,593.7407535304053,-67.39075353040528
1550.71,1525.0686633392754,25.64133666072462
1131.12,1133.0119850178107,-1.891985017810839
2119.15,1765.7252898986092,353.42471010139093
694.4,787.452500760737,-93.05250076073708
797.93,777.6669433437384,20.263056656261597
1886.54,1962.8996977432566,-76.35969774325667
1226.13,1212.5906620286112,13.539337971388932
934.5,913.5136335686193,20.986366431380702
829.94,805.2157910240737,24.72420897592633
1116.05,1149.3678677024857,-33.31786770248573
884.11,833.1529802629523,50.957019737047744
853.87,859.7426662936787,-5.872666293678662
1295.06,1352.6027237215517,-57.54272372155174
1761.01,1499.7471761268198,261.2628238731802
921.69,906.2148193237501,15.47518067624992
1478.45,1464.9113888290854,13.538611170914692
932.83,921.8649408680081,10.965059131991893
682.41,634.1721402615333,48.23785973846668
1031.36,1085.0711542179972,-53.71115421799732
1207.35,1192.9023401351833,14.447659864816615
1436.36,1424.9729374039778,11.387062596022133
1601.63,1570.8578049178475,30.77219508215262
598.36,656.7107866273047,-58.35078662730473
1232.52,1200.8936063329343,31.626393667065713
2106.91,2000.8626674861823,106.04733251381754
1097.98,1135.359254717741,-37.37925471774088
1057.91,939.5401096579375,118.3698903420626
1927.32,1980.6058975509186,-53.28589755091866
727.0,724.2708832421077,2.729116757892257
557.45,598.7615380742542,-41.311538074254145
846.33,898.7763447047448,-52.446344704744774
1541.14,1468.5607589135018,72.57924108649831
1686.58,1633.1797423101025,53.400257689897444
1372.37,1389.6253613272327,-17.255361327232777
1142.51,1123.6772744677105,18.832725532289487
1164.57,1068.2155696147954,96.35443038520452
1579.37,1549.3262817452865,30.04371825471344
1068.13,1045.623203576828,22.50679642317209
691.44,694.2031715234148,-2.7631715234147123
319.33,352.170417998656,-32.840417998655994
1257.47,1273.5249312687788,-16.054931268778773
2322.82,2280.560889695528,42.25911030447196
1427.95,1311.5880074170516,116.36199258294846
708.12,758.6565879078994,-50.53658790789939
1756.11,1769.2857412268784,-13.175741226878472
1659.3,1720.0334482218614,-60.73344822186141
1651.72,1568.785322793316,82.934677206684
613.3,641.0965397225422,-27.796539722542207
833.1,848.3862456482643,-15.286245648264298
657.91,702.6834672837914,-44.77346728379143
1330.14,1383.4561777449362,-53.31617774493611
997.4,1011.81194965416,-14.411949654160026
1259.02,1274.0040908053911,-14.984090805391133
2408.32,2401.4169942842877,6.903005715712425
1698.03,1703.3566862326793,-5.326686232679322
1439.15,1546.185104043648,-107.03510404364783
912.94,949.7034732047784,-36.76347320477839
1181.94,1053.1052781547696,128.83472184523043
1242.72,1215.9414391404173,26.77856085958274
919.08,905.2225237256108,13.857476274389228
1296.1,1301.6505736789304,-5.550573678930505
1003.56,954.9185754301419,48.64142456985803
638.23,873.341352761566,-235.11135276156597
814.1,831.940414965288,-17.840414965288005
794.63,823.8164570346418,-29.186457034641762
1081.26,1112.3556413227993,-31.095641322799338
425.43,494.6332546764863,-69.20325467648627
693.0,380.36966665425615,312.63033334574385
1211.68,940.29437423011,271.3856257698901
1506.4,1233.4894376231407,272.9105623768594
1020.24,1049.6255790038244,-29.385579003824432
2770.66,2040.8658438228963,729.7941561771036
1398.95,1353.2767215672043,45.67327843279577
958.57,1096.1871608961244,-137.61716089612435
793.7,813.2243057989086,-19.524305798908586
809.25,849.3396023755918,-40.08960237559177
797.84,721.4375886533646,76.4024113466354
2366.9,2307.329380342744,59.570619657255975
1426.93,1451.950930326985,-25.020930326984853
622.62,617.1877769195634,5.432223080436643
628.43,719.9325032870361,-91.50250328703612
1567.03,1481.6661805405658,85.36381945943413
2108.77,2145.630088238056,-36.86008823805605
939.04,889.6746804986217,49.36531950137828
685.52,715.2166626570465,-29.696662657046545
1037.31,1035.3749597710093,1.9350402289906015
2632.02,2568.8832820071348,63.136717992865215
1144.12,1151.9764899680852,-7.8564899680852704
2831.47,2804.484290941156,26.985709058843895
804.02,842.0752078860471,-38.05520788604713
2983.51,2924.117563548416,59.39243645158422
1690.11,1687.3962409161486,2.7137590838513006
753.04,809.1038905230853,-56.06389052308532
979.61,1046.9114025968026,-67.30140259680263
1472.01,1564.1358557972342,-92.12585579723418
405.39,414.23530732444254,-8.845307324442558
1039.45,883.1647110672249,156.2852889327752
1030.39,1057.9149559686032,-27.52495596860308
952.46,911.4874297943918,40.972570205608235
1139.55,1249.2628626897724,-109.71286268977246
917.01,917.5170211252932,-0.5070211252932495
2354.94,2289.238609142655,65.7013908573449
720.38,1040.138291300481,-319.7582913004809
1478.95,1402.1932083252577,76.75679167474232
1428.15,1350.4195246940517,77.7304753059484
1035.19,1056.6178152590453,-21.427815259045246
880.41,908.2093775846197,-27.79937758461972
1243.05,1275.9716952090805,-32.92169520908055
973.77,940.7919815347567,32.97801846524328
858.93,809.3148133912337,49.615186608766294
1041.42,872.0076860439899,169.41231395601017
2039.19,2079.4440103417505,-40.25401034175047
1000.74,1024.139922529071,-23.39992252907109
821.75,855.8857338993913,-34.13573389939131
569.7,604.6505444648826,-34.95054446488257
843.11,783.4045130366426,59.70548696335743
1427.37,1417.8736043152533,9.49639568474663
1311.28,1323.950647843717,-12.670647843717006
880.17,925.9067839590273,-45.73678395902732
1428.87,1263.0478585535197,165.82214144648015
1286.58,1288.6474165809093,-2.0674165809093665
1443.82,1417.6299227439456,26.190077256054337
636.25,686.8866557045376,-50.63665570453759
1403.03,1412.9699193660886,-9.939919366088589
2808.24,2741.810716245993,66.42928375400697
798.63,722.6963850039742,75.93361499602577
872.0,920.4377326996989,-48.43773269969893
1030.03,1039.6697843919792,-9.63978439197922
1051.78,936.3674834293847,115.41251657061525
1678.1,1655.250172174867,22.849827825132934
710.3,690.757137242969,19.542862757031003
693.1,742.8876014886447,-49.78760148864467
1189.67,1156.067393096097,33.60260690390305
795.72,790.4984836933256,5.221516306674403
1044.52,1049.6951002868386,-5.175100286838642
1395.11,1486.9071954843046,-91.79719548430467
598.25,598.6166836812805,-0.3666836812805059
784.8,735.4067797449748,49.3932202550252
1204.25,1243.321521608652,-39.07152160865189
756.88,751.6298288080843,5.250171191915683
1324.97,1272.3988469552978,52.571153044702214
1066.84,1041.5718366316678,25.268163368332125
778.75,782.3840617548087,-3.6340617548087266
961.54,949.0790769955628,12.460923004437177
1307.16,1300.4327637691806,6.7272362308194715
760.39,769.6166681443372,-9.226668144337168
713.61,774.770656016596,-61.16065601659602
1710.66,1669.9670745738988,40.69292542610128
786.48,823.5476272021388,-37.06762720213874
1140.41,1149.1472951205792,-8.73729512057912
721.09,738.8516500789246,-17.761650078924617
956.59,886.9244923337038,69.66550766629621
981.82,910.3266385045679,71.49336149543217
1186.42,1219.306807443499,-32.88680744349904
1016.39,1030.225377088988,-13.835377088987912
449.93,469.19384268228976,-19.26384268228975
1075.85,1103.4745877819064,-27.624587781906484
765.36,882.627310270148,-117.26731027014796
950.55,989.7934736888451,-39.24347368884514
643.17,569.5447167720342,73.62528322796572
656.46,705.3622734102587,-48.90227341025866
1030.82,983.7059372890377,47.11406271096223
1238.48,1306.5427492237968,-68.0627492237968
573.12,509.74716914846886,63.37283085153115
851.65,905.7090848305969,-54.05908483059693
990.25,1095.894504559144,-105.64450455914402
743.81,954.7089787687161,-210.89897876871612
1645.34,1694.0495453998938,-48.70954539989384
1591.71,1527.5329479741113,64.17705202588877
1891.38,1872.3175555645216,19.062444435478483
846.54,853.9273667996739,-7.387366799673941
1503.7,1484.2030869325292,19.496913067470814
580.81,595.8304565511662,-15.020456551166262
617.09,748.8899204024516,-131.79992040245156
1902.23,1709.3802873624402,192.84971263755983
1694.71,1704.9075432988864,-10.19754329888633
1088.67,1107.7403260189917,-19.070326018991636
1263.98,1297.8187902738753,-33.83879027387525
1049.99,1014.6413262133859,35.348673786614086
1570.25,1535.7285204092225,34.52147959077752
787.96,847.2746495600358,-59.31464956003572
1550.14,1577.4812096673852,-27.3412096673851
808.18,843.031180144565,-34.85118014456509
1567.58,1532.2997176152758,35.28028238472416
1281.06,1324.9000381597948,-43.84003815979486
825.83,801.7421061405659,24.08789385943419
1030.85,1010.0854602579353,20.764539742064585
756.71,577.9309211390937,178.77907886090634
3063.18,3093.4482890467743,-30.2682890467745
700.74,645.8292941138026,54.910705886197434
667.51,697.7338536838449,-30.223853683844936
1553.09,1514.331038445458,38.758961554541884
849.5,893.5296005610705,-44.02960056107054
1002.9,934.617176279026,68.28282372097397
875.99,885.4209091000849,-9.430909100084932
801.01,631.8036781129696,169.2063218870304
1549.61,1597.2012324600319,-47.59123246003196
974.26,996.9917599279019,-22.731759927901862
872.13,892.797062736939,-20.667062736938988
900.0,949.996966864183,-49.99696686418304
1549.61,1620.5980194830706,-70.98801948307073
831.99,870.747776058602,-38.75777605860196
941.76,941.7154925163667,0.044507483633310585
1367.49,1316.758112048946,50.73188795105398
2157.68,2068.142313889535,89.53768611046462
2167.18,2151.755696791391,15.424303208608762
1090.49,1187.2734965178888,-96.7834965178888
2919.47,2663.8005175926482,255.66948240735155
1447.08,1391.2116079290229,55.86839207097705
1989.94,1284.4454528565705,705.4945471434296
1272.08,1289.0829671295664,-17.002967129566514
881.31,896.0694690590956,-14.759469059095636
630.26,554.7946804829435,75.46531951705651
1790.68,1839.8839027475499,-49.20390274754982
2470.46,2438.85815611468,31.60184388532025
1859.83,1899.10003155109,-39.27003155109014
1069.85,993.7181511375381,76.13184886246177
815.65,802.529454045356,13.120545954643944
527.0,531.0727057747645,-4.072705774764472
750.41,761.2790666681342,-10.869066668134224
917.32,914.724795911444,2.595204088556102
1087.47,1117.5097780541885,-30.039778054188446
1149.85,796.2221840458484,353.6278159541515
710.9,732.5585885924103,-21.658588592410297
638.8,648.7861465732783,-9.986146573278347
972.43,977.1631754420263,-4.733175442026322
687.4,637.4338243358271,49.96617566417285
818.68,836.0081103835477,-17.32811038354771
1284.11,1292.1447061926679,-8.034706192667954
2302.74,2104.602659144732,198.13734085526767
1067.01,1109.6609785671317,-42.65097856713169
1565.82,1426.804868877186,139.01513112281395
956.34,1225.4665758895142,-269.12657588951413
819.47,819.5435237516576,-0.0735237516576035
1052.8,1074.9714370351078,-22.17143703510783
385.45,469.3095351498512,-83.85953514985118
587.96,624.566298233643,-36.606298233642974
988.36,971.7074690331604,16.652530966839663
981.89,1001.5454990118736,-19.655499011873644
857.95,1130.2356865286454,-272.28568652864533
1155.45,1137.5145738739222,17.9354261260778
603.04,582.2678520499392,20.7721479500608
834.64,845.2008944576885,-10.560894457688505
1138.6,1123.2780828399539,15.321917160046041
1410.56,1443.4487832626992,-32.888783262699235
2342.94,2354.3495173635656,-11.409517363565556
1428.37,1463.567447453456,-35.19744745345611
925.02,921.9373004887033,3.0826995112967097
1559.87,1579.8062398792772,-19.93623987927731
1779.12,1795.827428771806,-16.707428771806008
552.29,550.5249907959176,1.7650092040823893
971.63,928.1880773108658,43.44192268913423
798.62,792.7153252369247,5.904674763075263
1402.1,1284.9770778699449,117.12292213005503
647.59,692.1038931592409,-44.513893159240865
1276.13,1047.8574808939943,228.2725191060058
651.95,623.5009636474125,28.44903635258754
2054.55,1958.7350164086458,95.81498359135435
837.68,831.8269964839843,5.853003516015633
1165.11,1119.6237326335308,45.486267366469065
1307.18,1287.4684937292882,19.71150627071188
1028.23,1062.5258785613164,-34.295878561316385
995.15,831.6304717396423,163.51952826035767
771.87,730.8880122139627,40.98198778603728
939.78,917.0077242263278,22.772275773672163
758.26,784.9477715321831,-26.687771532183092
1209.03,1317.3129122850437,-108.28291228504372
1781.03,1792.744394144095,-11.714394144094967
515.38,551.4346561677877,-36.0546561677877
1001.72,1199.8588479241996,-198.13884792419958
893.21,846.105101449819,47.10489855018102
577.53,620.2013395931541,-42.67133959315413
1193.08,1229.8917712451941,-36.81177124519422
1518.54,1498.0208062491326,20.519193750867316
1064.99,1115.6648343687543,-50.67483436875432
1468.15,1432.5996783945773,35.55032160542282
1158.31,1205.4189554033644,-47.10895540336446
1136.15,1042.022606963406,94.12739303659419
735.53,709.9336448250282,25.59635517497179
997.02,995.6063243731226,1.4136756268774207
1525.68,1451.1723023298348,74.50769767016527
1117.21,1068.137282954026,49.07271704597406
2425.09,2020.0355202912265,405.05447970877367
1035.49,984.2852722119494,51.204727788050604
3053.85,3082.7104744901567,-28.860474490156776
792.19,805.8875968850577,-13.697596885057692
2151.98,2103.3378159445547,48.64218405544534
1163.91,1226.4575483233402,-62.54754832334015
714.13,720.4083658229828,-6.278365822982778
1391.4,1372.2275698472552,19.172430152744937
789.27,853.329680469008,-64.05968046900807
984.52,1094.9669056708685,-110.44690567086855
1223.38,1279.2604871368328,-55.8804871368327
1281.31,1144.6653941188065,136.64460588119346
1117.69,1104.1505542815735,13.539445718426578
870.42,842.4348500949758,27.985149905024173
1271.4,1297.0191449143108,-25.61914491431071
578.17,616.7391888159365,-38.56918881593651
1108.36,1141.3420661617856,-32.982066161785724
1032.32,1045.7930825796925,-13.473082579692573
1047.07,1073.0494013079285,-25.979401307928583
874.71,1120.984680311086,-246.27468031108606
653.23,686.7929385767844,-33.562938576784404
1131.49,1087.1794838711976,44.31051612880242
558.53,622.3352094287453,-63.80520942874534
817.51,783.2557859204659,34.25421407953411
936.48,889.8626714523675,46.617328547632496
1253.09,1250.2676275138626,2.822372486137283
1546.26,1679.165299813922,-132.90529981392206
611.24,626.683268370023,-15.44326837002302
1282.7,1235.6147115896538,47.085288410346266
1593.28,1585.356043307034,7.92395669296593
1269.25,1281.7093834115474,-12.459383411547378
732.52,795.5990360969894,-63.0790360969894
1850.36,1799.5774385686734,50.782561431326485
1556.45,1505.4419903318005,51.00800966819952
1860.33,1866.4754942342422,-6.145494234242278
1175.94,1241.4768269998226,-65.53682699982255
1286.9,1314.8804017379239,-27.980401737923785
474.27,459.9904293610931,14.279570638906876
1431.25,1437.6401582299088,-6.39015822990882
1391.23,1350.0234797054443,41.20652029455573
389.9,537.6923235009773,-147.79232350097732
798.05,870.0145865932969,-71.96458659329699
1409.31,808.4769639752133,600.8330360247867
683.03,759.992062950262,-76.96206295026207
804.76,810.2328314268423,-5.472831426842276
885.4,954.2841291430346,-68.88412914303467
853.95,849.7485727885785,4.20142721142156
695.32,723.4377158639282,-28.117715863928197
1785.33,1103.4242776761891,681.9057223238108
399.77,499.6289558186268,-99.85895581862684
1072.46,1121.0537546250682,-48.593754625068186
956.84,803.1931597105819,153.64684028941815
1337.56,1314.9882079379092,22.571792062090708
980.13,956.6490296821781,23.480970317821857
908.88,896.0261078856463,12.853892114353698
712.51,670.5705220048807,41.93947799511932
1006.33,1018.3008127136477,-11.97081271364766
500.8,570.6494492241811,-69.84944922418111
997.33,1126.3733478376014,-129.04334783760135
1888.53,1869.5515395502484,18.978460449751537
1030.05,1061.0654532387503,-31.015453238750297
1281.83,1285.2765011260908,-3.4465011260908796
1187.94,1191.3086583746535,-3.368658374653478
2126.76,1960.0859233828505,166.6740766171497
1147.22,1132.8453774356074,14.374622564392666
669.0,622.5596511350353,46.440348864964676
1606.18,1094.8837948641271,511.2962051358729
1127.68,1085.8511733662242,41.82882663377586
1303.96,1243.9638225808822,59.996177419117885
677.25,682.19623668803,-4.946236688030012
1330.7,1247.6439234531642,83.05607654683581
1540.71,1608.1488278459613,-67.43882784596121
472.99,818.1590177762686,-345.16901777626856
946.82,755.4513965986855,191.36860340131454
915.27,975.1235141635642,-59.85351416356423
825.53,885.4745124386146,-59.94451243861465
1081.26,1134.3117107309597,-53.05171073095971
1905.8,1813.3613359498556,92.43866405014433
851.74,855.3072449137487,-3.5672449137487092
2442.21,2163.7928777826014,278.4171222173986
836.63,833.4421865508621,3.187813449137934
1138.97,1010.0210861797979,128.94891382020216
1175.46,1165.3684992966867,10.091500703313386
1054.42,1070.9795299266336,-16.55952992663356
931.94,929.2252757612514,2.7147242387486585
686.46,712.8289535540159,-26.36895355401589
784.02,790.0364894853067,-6.016489485306693
655.58,687.0859612873078,-31.50596128730774
902.53,920.619849452604,-18.08984945260397
884.08,871.6450782437201,12.434921756279891
3177.5,2967.6266156983556,209.87338430164436
485.43,569.0281471105512,-83.59814711055122
1033.97,1007.4270197908819,26.542980209118127
1198.82,1138.5902025829732,60.2297974170267
670.35,724.8328865443208,-54.48288654432076
765.86,797.5295722470859,-31.669572247085853
622.53,687.1696847026132,-64.63968470261318
2116.14,2112.1223549859205,4.017645014079335
800.08,807.5785416712699,-7.498541671269891
2203.26,2132.257782445698,71.0022175543022
1427.06,1404.1441993644817,22.91580063551828
880.05,880.3429357125868,-0.2929357125868819
68.56,242.61377588437753,-174.05377588437753
1081.17,1088.9165560377057,-7.746556037705659
702.52,658.7668030104447,43.75319698955525
775.33,707.9562910987559,67.37370890124419
579.36,558.4631403815249,20.896859618475105
1075.81,1083.2489272563996,-7.438927256399666
533.38,607.8355777599952,-74.45557775999521
987.61,1006.2718177756985,-18.661817775698523
764.3,763.2360108387479,1.0639891612520387
1222.01,1135.2455388552917,86.76446114470832
520.38,556.7576395832302,-36.377639583230234
1210.05,1260.6155812514874,-50.5655812514874
1342.85,1305.6681551300624,37.18184486993755
2151.36,2188.0117882055724,-36.6517882055723
1328.19,1169.4516292945505,158.7383707054496
704.25,740.1917132822103,-35.941713282210344
899.47,953.1010832304684,-53.631083230468334
1096.23,1129.3909175600086,-33.160917560008556
445.59,502.44155766313315,-56.85155766313318
862.61,879.6958891121924,-17.085889112192376
1049.09,1064.6410907827942,-15.55109078279429
2250.28,2101.7449275192193,148.53507248078085
699.74,716.5985908197059,-16.85859081970591
640.23,737.9612238427088,-97.7312238427088
1919.33,2047.6304191517963,-128.3004191517964
1076.34,1057.6436305152306,18.69636948476932
1696.04,1548.4982344588636,147.54176554113633
1024.93,975.3200334686503,49.609966531349755
1287.25,1193.9805233982052,93.26947660179485
1319.1,1307.575606636766,11.524393363233912
734.37,772.4672266343587,-38.09722663435866
1769.24,1798.402011991698,-29.16201199169791
1183.86,1171.322911530424,12.537088469575792
1287.76,1268.2526181553856,19.50738184461443
1057.0,1027.7442173126208,29.255782687379224
1306.36,1265.926850108352,40.43314989164787
1295.55,1272.9759498561846,22.574050143815384
1998.94,1973.1561751785262,25.7838248214739
1114.9,1093.6378474438059,21.262152556194224
1481.44,1360.0663284420725,121.37367155792754
892.19,905.0455181034954,-12.855518103495342
925.45,922.7367967870456,2.713203212954454
1231.57,1135.2442378822411,96.32576211775881
1258.9,1322.7115609615075,-63.81156096150744
725.47,711.0647104308565,14.40528956914352
480.98,516.9473775791928,-35.96737757919277
1220.45,1160.9482292984933,59.50177070150676
905.38,946.8625896078806,-41.48258960788064
993.61,800.2306790062083,193.37932099379168
864.72,830.3723198006142,34.34768019938588
1046.58,1001.7771920351582,44.80280796484169
963.85,986.2986444906528,-22.448644490652782
1296.56,1296.3824876010813,0.17751239891867954
665.19,672.9935761245359,-7.80357612453588
1064.16,1118.0263867771532,-53.86638677715314
1957.03,1993.104749651052,-36.074749651052116
882.6,824.3505455472008,58.24945445279923
1305.14,1314.718288151255,-9.57828815125481
623.35,611.7800380775682,11.569961922431844
1115.13,1114.2747656438378,0.8552343561623275
996.59,934.707432936848,61.88256706315201
1054.6,1120.485557166613,-65.88555716661313
868.53,852.9389128636577,15.591087136342253
2765.05,2706.866853016709,58.18314698329141
688.62,685.1401792957178,3.479820704282247
1226.4,1147.1747005767324,79.22529942326764
2073.6,1874.5139125404337,199.08608745956622
1011.65,1032.1819789306765,-20.531978930676473
600.4,711.3719034792197,-110.97190347921969
1154.42,1158.5166694114753,-4.0966694114752045
925.7,986.6828759884077,-60.98287598840761
1775.56,1808.8420083317826,-33.28200833178266
860.58,964.477710406668,-103.89771040666801
1030.82,989.6218119677718,41.19818803222813
1287.93,1275.778189860327,12.151810139672989
249.41,352.7507586895614,-103.3407586895614
1330.56,1358.6797416670468,-28.11974166704681
2564.5,2561.9821727665935,2.5178272334064786
826.02,970.4690718527131,-144.44907185271313
584.37,649.760668959027,-65.39066895902704
1048.91,979.2018840439302,69.70811595606983
837.91,873.2720359082418,-35.362035908241864
1129.67,1213.868191852223,-84.19819185222286
1771.05,1653.4912741888602,117.55872581113977
920.11,922.3000673054745,-2.1900673054744857
1199.28,1092.5247099311707,106.75529006882925
454.16,478.530467356525,-24.370467356524955
1209.96,1231.1937088011273,-21.23370880112725
1058.21,1020.4626299238818,37.74737007611827
1691.75,889.911304970241,801.838695029759
1547.32,1463.9947466838853,83.32525331611464
572.05,574.0162971797539,-1.9662971797539512
1287.98,1290.3497931268334,-2.3697931268334287
520.1,557.6044715125824,-37.50447151258243
1108.93,972.8419635732505,136.08803642674957
1376.42,1410.8122005681444,-34.39220056814429
1680.61,1584.7336232931505,95.87637670684944
149.32,311.13342327533195,-161.81342327533196
440.94,496.16369417290366,-55.22369417290366
1261.21,1362.9541096803243,-101.7441096803243
1523.94,1533.79516566778,-9.855165667780057
1133.67,1118.4844571256542,15.185542874345856
1194.71,1212.5922586170043,-17.882258617004254
974.0,892.8206804923389,81.17931950766115
289.93,449.026885975739,-159.09688597573899
496.91,488.6842484988767,8.22575150112334
669.35,722.1627445789316,-52.81274457893153
1028.26,1055.3715209621473,-27.111520962147324
896.52,948.3284465562858,-51.808446556285844
645.85,680.5786316888388,-34.72863168883873
781.09,843.7111819231776,-62.62118192317757
736.76,762.2291102224901,-25.469110222490144
727.38,987.4153746192445,-260.0353746192445
1546.16,1450.389276828919,95.77072317108104
2413.44,2335.862284945261,77.5777150547392
1180.59,1203.3845819224466,-22.794581922446696
609.36,728.1083378925567,-118.74833789255672
634.67,676.5440898056224,-41.874089805622475
586.99,648.3478291505851,-61.357829150585076
1358.49,1356.6749847368835,1.8150152631164929
1302.83,1308.4216842747533,-5.591684274753334
2108.06,2059.2284013546428,48.83159864535719
1420.64,1447.7724499599794,-27.13244995997934
1092.82,1100.4165522554088,-7.596552255408824
756.91,749.7225629712302,7.18743702876975
1055.36,1110.8220865114804,-55.46208651148049
711.08,755.7227283720442,-44.64272837204419
1246.4,1214.8119461575416,31.58805384245852
1109.44,1081.8309202368475,27.609079763152522
972.75,919.5121292192836,53.237870780716435
880.09,1004.551173081577,-124.46117308157693
895.37,918.1199327880714,-22.74993278807142
700.11,702.3421163648659,-2.232116364865874
895.13,1048.4303659977388,-153.30036599773882
748.21,749.7557231345443,-1.5457231345442324
2106.11,2167.5711466658945,-61.461146665894375
950.96,903.5142029798573,47.44579702014278
1143.08,1119.9517663882632,23.128233611736732
696.49,770.9923408642688,-74.50234086426883
1685.1,1171.2280272377882,513.8719727622117
994.32,898.5113719064087,95.80862809359132
746.67,794.8854676049014,-48.21546760490139
646.4,738.8981875946689,-92.49818759466893
802.78,1090.944122510001,-288.1641225100011
1872.8,1818.502640063649,54.29735993635086
690.89,729.9544353343539,-39.0644353343539
1277.47,1282.2445090445858,-4.774509044585784
1023.45,973.2336749680788,50.2163250319212
1181.35,1088.4623679727652,92.88763202723476
623.41,710.4327558428072,-87.02275584280721
1160.85,1133.7609366962442,27.089063303755665
1179.11,1125.5767985803873,53.533201419612624
2753.39,2722.1850986697023,31.204901330297616
904.53,830.0491299356489,74.48087006435105
1622.08,1580.0032174468806,42.0767825531193
669.67,709.3739558916175,-39.70395589161751
946.63,1238.2497146017772,-291.6197146017772
1542.13,1534.0337707110366,8.096229288963514
905.44,914.6405628101245,-9.200562810124438
730.68,514.151924218897,216.52807578110298
1020.0,1046.9507567893647,-26.950756789364732
1169.17,1196.5346474959924,-27.364647495992358
1377.04,1423.7961844875226,-46.75618448752266
1064.91,1108.2392652267688,-43.32926522676871
817.01,1082.107950668384,-265.0979506683841
737.45,745.6219139628421,-8.17191396284204
462.32,472.5156325179994,-10.1956325179994
760.8,802.4925749295256,-41.69257492952568
755.59,846.0182999501849,-90.42829995018485
811.96,805.35679559004,6.603204409960085
1110.29,1132.2350145316598,-21.945014531659808
1430.79,1409.554845747554,21.23515425244591
1610.05,1419.1029033778143,190.94709662218565
1206.92,1199.9175403556706,7.0024596443295195
1572.35,1570.7308750148466,1.6191249851533485
478.3,519.1763551869535,-40.876355186953504
1228.41,1205.8555111984926,22.554488801507432
1308.28,1304.2434488823924,4.036551117607587
1099.78,1127.1151167700345,-27.335116770034574
1284.85,1205.6859706277858,79.16402937221415
991.14,1023.575616267058,-32.43561626705798
708.34,677.5181705624533,30.82182943754674
738.33,781.7904226952433,-43.46042269524321
992.21,983.7576874185266,8.452312581473393
1492.73,1375.5322751277677,117.19772487223236
1462.17,1393.9464316893452,68.22356831065485
763.94,764.6797153176157,-0.7397153176156053
3256.82,3144.7741304632636,112.04586953673652
1414.48,1459.290426912561,-44.81042691256107
1221.83,1152.745396193577,69.08460380642282
891.01,863.9499162521671,27.06008374783289
1096.82,1122.5565294459755,-25.73652944597552
1386.96,1390.1384799589569,-3.178479958956814
992.58,921.2620474723727,71.31795252762731
1378.76,1416.4368747318026,-37.67687473180263
1079.49,1049.9906240823755,29.499375917624548
751.22,1068.4277001255857,-317.2077001255857
752.78,752.3800306853589,0.39996931464111185
517.36,555.0233166310974,-37.66331663109736
1940.04,1889.9524507854258,50.08754921457421
525.62,604.3977202558133,-78.77772025581328
2413.25,2440.932430082019,-27.682430082018982
1246.83,1272.5151354466514,-25.68513544665143
1087.57,1193.806935040043,-106.23693504004314
1227.99,1199.2197721346583,28.770227865341667
1059.1,1050.1626266191286,8.93737338087135
468.25,564.8204640031124,-96.57046400311242
845.83,1050.2549486686132,-204.42494866861318
1686.99,1650.412425145325,36.57757485467505
2231.85,2266.106140089932,-34.25614008993216
771.44,803.2943386479379,-31.85433864793788
715.03,693.3496713623823,21.680328637617663
1035.05,1006.0502358109093,28.999764189090683
699.52,695.1680769497414,4.35192305025862
3194.67,3232.2675793185003,-37.597579318500266
862.08,811.6337398707225,50.44626012927756
684.6,701.4221800609795,-16.822180060979463
900.88,867.6907738639636,33.18922613603638
1125.57,1106.1676397617641,19.402360238235815
926.52,1044.6091900923172,-118.08919009231727
2819.58,2838.478535395437,-18.898535395437193
1753.89,1781.8633875447752,-27.97338754477505
962.32,897.3684596624814,64.95154033751862
878.01,897.1392263507282,-19.12922635072823
1442.4,1550.395691300146,-107.99569130014584
1416.56,1503.5380174016432,-86.97801740164323
991.9,907.1830713333505,84.71692866664944
760.38,775.0009510175305,-14.620951017530501
1721.76,1515.1353286035646,206.62467139643536
327.17,427.54046204220214,-100.37046204220212
1342.52,1143.3105289274183,199.20947107258166
2298.47,2223.008798938968,75.46120106103172
1739.33,1648.681537875266,90.6484621247339
806.8,771.1602286953502,35.6397713046498
1341.8,1359.371625986311,-17.57162598631112
1171.6,1116.524232409546,55.07576759045401
1176.15,1124.7446960450966,51.4053039549035
435.05,470.374330908644,-35.324330908644015
664.07,687.0482732674526,-22.97827326745255
204.48,275.54952936042,-71.06952936042003
1174.59,1209.7103425634605,-35.120342563460554
1013.49,1099.0320870773808,-85.54208707738076
599.93,642.9835170198779,-43.05351701987797
1979.98,2067.0523021791246,-87.07230217912456
805.94,879.4441620415,-73.50416204149997
700.29,975.7285403660192,-275.4385403660192
685.56,686.8491658659084,-1.2891658659084442
778.55,901.2887894482427,-122.73878944824276
