actual_appliances_energy,predicted_appliances_energy,absolute_error
40,56.6,16.6
90,98.6,8.599999999999994
50,45.72,4.280000000000001
50,67.88,17.879999999999995
70,66.64,3.3599999999999994
120,124.64,4.640000000000001
120,99.84,20.159999999999997
70,88.48,18.480000000000004
50,50.56,0.5600000000000023
70,111.56,41.56
110,185.16,75.16
70,69.12,0.8799999999999955
100,119.16,19.159999999999997
110,99.4,10.599999999999994
120,288.92,168.92000000000002
50,44.36,5.640000000000001
50,58.04,8.04
50,52.28,2.280000000000001
30,34.56,4.560000000000002
140,150.92,10.919999999999987
60,66.68,6.680000000000007
60,53.16,6.840000000000003
20,34.68,14.68
40,46.52,6.520000000000003
340,190.36,149.64
70,84.04,14.040000000000006
100,101.84,1.8400000000000034
60,66.52,6.519999999999996
60,55.72,4.280000000000001
130,125.76,4.239999999999995
60,65.4,5.400000000000006
50,72.08,22.08
50,55.48,5.479999999999997
80,63.4,16.6
40,44.72,4.719999999999999
350,150.4,199.6
100,167.56,67.56
140,170.44,30.439999999999998
50,56.12,6.119999999999997
70,71.68,1.6800000000000068
50,50.56,0.5600000000000023
120,126.28,6.280000000000001
60,57.76,2.240000000000002
50,49.68,0.3200000000000003
50,43.44,6.560000000000002
60,52.8,7.200000000000003
20,42.88,22.880000000000003
70,65.6,4.400000000000006
40,44.44,4.439999999999998
60,50.4,9.600000000000001
60,62.2,2.200000000000003
330,200.32,129.68
70,63.12,6.880000000000003
50,58.0,8.0
30,55.32,25.32
270,306.68,36.68000000000001
50,51.96,1.9600000000000009
240,288.84,48.839999999999975
50,56.12,6.119999999999997
40,46.48,6.479999999999997
20,41.0,21.0
40,44.96,4.960000000000001
60,42.44,17.560000000000002
20,34.0,14.0
60,65.6,5.599999999999994
60,56.52,3.479999999999997
40,80.12,40.120000000000005
100,99.12,0.8799999999999955
40,49.32,9.32
60,84.32,24.319999999999993
90,117.28,27.28
50,41.32,8.68
70,89.28,19.28
50,43.68,6.32
70,63.56,6.439999999999998
60,56.28,3.719999999999999
390,348.4,41.60000000000002
60,63.68,3.6799999999999997
90,94.24,4.239999999999995
80,40.44,39.56
40,48.76,8.759999999999998
150,146.68,3.319999999999993
60,54.24,5.759999999999998
40,61.68,21.68
50,49.72,0.28000000000000114
120,138.72,18.72
60,51.08,8.920000000000002
170,90.32,79.68
120,209.36,89.36000000000001
120,109.8,10.200000000000003
50,49.36,0.6400000000000006
100,110.48,10.480000000000004
30,30.2,0.1999999999999993
110,103.84,6.159999999999997
90,167.8,77.80000000000001
60,73.0,13.0
50,59.04,9.04
40,46.56,6.560000000000002
40,41.6,1.6000000000000014
110,217.28,107.28
90,75.08,14.920000000000002
60,95.04,35.040000000000006
440,323.32,116.68
80,99.96,19.959999999999994
60,53.84,6.159999999999997
100,115.16,15.159999999999997
60,50.24,9.759999999999998
60,59.32,0.6799999999999997
130,138.84,8.840000000000003
60,46.48,13.520000000000003
60,50.4,9.600000000000001
70,81.12,11.120000000000005
90,78.76,11.239999999999995
90,78.56,11.439999999999998
50,43.72,6.280000000000001
110,104.68,5.319999999999993
50,45.64,4.359999999999999
280,260.4,19.600000000000023
40,43.16,3.1599999999999966
300,324.84,24.839999999999975
40,40.08,0.0799999999999983
50,58.88,8.880000000000003
80,62.8,17.200000000000003
40,34.32,5.68
40,46.16,6.159999999999997
100,117.12,17.120000000000005
70,62.64,7.359999999999999
70,50.04,19.96
50,50.6,0.6000000000000014
80,166.12,86.12
50,37.6,12.399999999999999
40,54.44,14.439999999999998
80,88.84,8.840000000000003
50,42.44,7.560000000000002
70,69.16,0.8400000000000034
120,114.84,5.159999999999997
70,65.48,4.519999999999996
40,42.0,2.0
90,100.76,10.760000000000005
390,381.8,8.199999999999989
60,51.68,8.32
100,105.0,5.0
130,121.68,8.319999999999993
50,57.2,7.200000000000003
70,88.0,18.0
70,67.4,2.5999999999999943
40,53.32,13.32
80,74.24,5.760000000000005
110,158.8,48.80000000000001
80,115.32,35.31999999999999
90,90.08,0.0799999999999983
250,259.56,9.560000000000002
100,85.08,14.920000000000002
70,216.12,146.12
70,66.16,3.8400000000000034
120,122.44,2.4399999999999977
40,43.4,3.3999999999999986
60,44.8,15.200000000000003
110,102.0,8.0
110,122.84,12.840000000000003
50,46.64,3.3599999999999994
80,90.8,10.799999999999997
50,52.36,2.3599999999999994
40,47.36,7.359999999999999
90,167.16,77.16
40,48.2,8.200000000000003
100,91.6,8.400000000000006
100,103.08,3.0799999999999983
80,172.6,92.6
330,370.6,40.60000000000002
50,58.08,8.079999999999998
40,43.68,3.6799999999999997
50,69.44,19.439999999999998
40,51.4,11.399999999999999
60,51.88,8.119999999999997
50,46.6,3.3999999999999986
50,50.68,0.6799999999999997
130,115.52,14.480000000000004
40,45.52,5.520000000000003
40,35.96,4.039999999999999
390,132.68,257.32
120,82.8,37.2
50,40.2,9.799999999999997
50,71.44,21.439999999999998
50,68.16,18.159999999999997
110,204.08,94.08000000000001
50,58.76,8.759999999999998
50,62.28,12.280000000000001
90,94.28,4.280000000000001
40,40.72,0.7199999999999989
210,168.8,41.19999999999999
50,89.64,39.64
300,156.6,143.4
40,41.4,1.3999999999999986
80,86.8,6.799999999999997
120,151.44,31.439999999999998
110,142.24,32.24000000000001
100,104.84,4.840000000000003
50,56.84,6.840000000000003
50,63.96,13.96
60,66.32,6.319999999999993
50,39.68,10.32
60,50.48,9.520000000000003
180,141.56,38.44
50,68.88,18.879999999999995
100,120.4,20.400000000000006
30,76.72,46.72
90,97.56,7.560000000000002
280,313.12,33.120000000000005
130,134.52,4.52000000000001
80,90.16,10.159999999999997
50,61.92,11.920000000000002
20,51.8,31.799999999999997
50,46.96,3.039999999999999
40,46.24,6.240000000000002
50,50.08,0.0799999999999983
140,198.08,58.08000000000001
240,465.16,225.16000000000003
50,50.84,0.8400000000000034
90,97.32,7.319999999999993
320,259.24,60.75999999999999
400,305.72,94.27999999999997
230,226.28,3.719999999999999
90,80.92,9.079999999999998
80,105.0,25.0
40,42.0,2.0
40,41.8,1.7999999999999972
70,65.48,4.519999999999996
60,61.68,1.6799999999999997
40,48.8,8.799999999999997
40,38.96,1.0399999999999991
210,190.84,19.159999999999997
60,69.28,9.280000000000001
60,67.48,7.480000000000004
180,319.2,139.2
120,115.08,4.920000000000002
40,46.92,6.920000000000002
120,171.2,51.19999999999999
80,85.32,5.319999999999993
70,216.96,146.96
120,126.24,6.239999999999995
50,57.72,7.719999999999999
50,75.16,25.159999999999997
20,40.56,20.560000000000002
100,89.88,10.120000000000005
40,54.92,14.920000000000002
60,79.68,19.680000000000007
50,33.76,16.240000000000002
30,34.52,4.520000000000003
70,92.52,22.519999999999996
70,70.44,0.4399999999999977
440,192.0,248.0
60,57.36,2.6400000000000006
50,45.08,4.920000000000002
90,112.92,22.92
60,59.36,0.6400000000000006
50,54.12,4.119999999999997
40,42.84,2.8400000000000034
90,133.36,43.360000000000014
50,51.04,1.0399999999999991
180,120.68,59.31999999999999
90,104.04,14.040000000000006
90,170.12,80.12
60,56.52,3.479999999999997
130,128.52,1.4799999999999898
370,372.48,2.480000000000018
50,92.36,42.36
50,51.6,1.6000000000000014
100,124.04,24.040000000000006
50,52.16,2.1599999999999966
70,101.08,31.08
50,57.36,7.359999999999999
70,106.2,36.2
80,206.56,126.56
60,62.96,2.960000000000001
90,102.2,12.200000000000003
60,57.84,2.1599999999999966
90,96.44,6.439999999999998
50,61.4,11.399999999999999
30,31.64,1.6400000000000006
110,99.92,10.079999999999998
60,58.2,1.7999999999999972
60,103.96,43.959999999999994
60,60.16,0.1599999999999966
50,61.0,11.0
90,123.6,33.599999999999994
50,67.64,17.64
80,59.04,20.96
80,78.24,1.7600000000000051
80,80.72,0.7199999999999989
230,316.8,86.80000000000001
50,75.56,25.560000000000002
110,142.6,32.599999999999994
60,50.6,9.399999999999999
310,182.96,127.03999999999999
140,107.56,32.44
300,280.64,19.360000000000014
70,71.64,1.6400000000000006
50,48.6,1.3999999999999986
140,145.08,5.0800000000000125
40,37.96,2.039999999999999
50,56.48,6.479999999999997
50,52.36,2.3599999999999994
50,51.04,1.0399999999999991
50,41.32,8.68
60,63.32,3.3200000000000003
50,53.52,3.520000000000003
50,43.16,6.840000000000003
80,79.16,0.8400000000000034
50,49.92,0.0799999999999983
50,59.56,9.560000000000002
50,56.68,6.68
40,47.04,7.039999999999999
100,151.76,51.75999999999999
80,80.56,0.5600000000000023
400,150.24,249.76
50,41.56,8.439999999999998
70,75.8,5.799999999999997
110,119.6,9.599999999999994
280,206.2,73.80000000000001
50,54.32,4.32
60,68.76,8.760000000000005
80,92.72,12.719999999999999
70,211.16,141.16
100,105.92,5.920000000000002
60,50.16,9.840000000000003
90,111.12,21.120000000000005
50,48.8,1.2000000000000028
60,78.44,18.439999999999998
110,109.2,0.7999999999999972
50,44.92,5.079999999999998
90,102.72,12.719999999999999
60,54.76,5.240000000000002
60,58.48,1.5200000000000031
60,145.76,85.75999999999999
50,220.12,170.12
40,40.36,0.35999999999999943
90,81.28,8.719999999999999
60,50.16,9.840000000000003
420,372.32,47.68000000000001
40,59.8,19.799999999999997
90,111.96,21.959999999999994
70,141.56,71.56
50,51.52,1.5200000000000031
100,146.64,46.639999999999986
220,259.32,39.31999999999999
110,113.56,3.5600000000000023
110,103.12,6.8799999999999955
30,168.48,138.48
140,155.52,15.52000000000001
470,613.2,143.20000000000005
50,50.04,0.03999999999999915
620,479.2,140.8
40,49.36,9.36
120,134.8,14.800000000000011
30,38.92,8.920000000000002
30,135.52,105.52000000000001
90,77.04,12.959999999999994
350,168.68,181.32
150,119.72,30.28
30,32.28,2.280000000000001
50,42.48,7.520000000000003
50,58.56,8.560000000000002
70,84.84,14.840000000000003
50,69.24,19.239999999999995
60,67.56,7.560000000000002
110,115.96,5.959999999999994
70,61.2,8.799999999999997
90,86.56,3.4399999999999977
30,43.52,13.520000000000003
40,50.64,10.64
50,55.68,5.68
80,89.2,9.200000000000003
80,71.0,9.0
40,52.72,12.719999999999999
100,122.32,22.319999999999993
40,41.92,1.9200000000000017
70,58.16,11.840000000000003
50,58.56,8.560000000000002
40,42.44,2.4399999999999977
70,60.36,9.64
290,331.8,41.80000000000001
250,225.52,24.47999999999999
390,155.6,234.4
30,25.4,4.600000000000001
70,82.64,12.64
60,61.44,1.4399999999999977
120,146.88,26.879999999999995
50,42.12,7.880000000000003
60,54.4,5.600000000000001
60,53.08,6.920000000000002
60,67.2,7.200000000000003
70,167.68,97.68
230,220.36,9.639999999999986
160,176.0,16.0
90,146.48,56.47999999999999
90,84.56,5.439999999999998
50,86.08,36.08
330,165.0,165.0
80,51.36,28.64
400,341.52,58.48000000000002
60,54.88,5.119999999999997
100,80.52,19.480000000000004
80,83.44,3.4399999999999977
40,36.68,3.3200000000000003
70,101.88,31.879999999999995
90,99.28,9.280000000000001
80,106.76,26.760000000000005
70,99.92,29.92
120,137.2,17.19999999999999
80,58.72,21.28
70,63.0,7.0
70,111.6,41.599999999999994
430,240.4,189.6
50,45.52,4.479999999999997
60,58.76,1.240000000000002
60,90.68,30.680000000000007
20,46.48,26.479999999999997
50,53.04,3.039999999999999
90,78.64,11.36
90,102.0,12.0
80,106.8,26.799999999999997
50,53.28,3.280000000000001
180,265.12,85.12
50,44.88,5.119999999999997
50,42.6,7.399999999999999
50,50.4,0.3999999999999986
650,436.8,213.2
90,87.6,2.4000000000000057
90,117.12,27.120000000000005
20,30.72,10.719999999999999
50,48.64,1.3599999999999994
80,116.72,36.72
30,56.12,26.119999999999997
60,57.68,2.3200000000000003
210,114.6,95.4
60,46.8,13.200000000000003
30,27.44,2.5599999999999987
60,69.08,9.079999999999998
70,68.6,1.4000000000000057
100,138.2,38.19999999999999
110,103.28,6.719999999999999
100,98.24,1.7600000000000051
140,164.56,24.560000000000002
130,112.88,17.120000000000005
270,319.44,49.44
50,57.56,7.560000000000002
190,123.52,66.48
60,47.04,12.96
40,39.84,0.1599999999999966
110,147.64,37.639999999999986
60,58.44,1.5600000000000023
70,75.72,5.719999999999999
560,99.28,460.72
40,52.72,12.719999999999999
60,63.24,3.240000000000002
100,93.88,6.1200000000000045
110,124.28,14.280000000000001
70,74.72,4.719999999999999
50,70.28,20.28
90,67.12,22.879999999999995
50,49.32,0.6799999999999997
40,42.72,2.719999999999999
60,48.88,11.119999999999997
90,102.76,12.760000000000005
50,57.52,7.520000000000003
100,104.04,4.040000000000006
90,78.32,11.680000000000007
60,59.2,0.7999999999999972
80,126.96,46.959999999999994
60,55.08,4.920000000000002
40,51.84,11.840000000000003
60,49.32,10.68
60,68.64,8.64
30,40.04,10.04
40,44.44,4.439999999999998
60,94.2,34.2
60,75.48,15.480000000000004
110,138.8,28.80000000000001
50,150.36,100.36000000000001
20,32.72,12.719999999999999
60,56.72,3.280000000000001
70,71.76,1.7600000000000051
60,52.32,7.68
80,108.0,28.0
50,43.28,6.719999999999999
20,34.28,14.280000000000001
70,245.88,175.88
60,57.96,2.039999999999999
120,56.32,63.68
140,153.8,13.800000000000011
40,58.88,18.880000000000003
80,75.88,4.1200000000000045
100,114.2,14.200000000000003
20,40.28,20.28
50,52.04,2.039999999999999
50,49.88,0.11999999999999744
40,52.92,12.920000000000002
110,101.16,8.840000000000003
50,44.76,5.240000000000002
40,51.04,11.04
50,55.72,5.719999999999999
90,149.32,59.31999999999999
60,58.24,1.759999999999998
60,57.36,2.6400000000000006
240,163.8,76.19999999999999
120,131.12,11.120000000000005
70,56.6,13.399999999999999
50,48.76,1.240000000000002
110,103.64,6.359999999999999
70,77.32,7.319999999999993
40,50.68,10.68
40,52.32,12.32
90,129.72,39.72
50,38.6,11.399999999999999
30,36.16,6.159999999999997
40,53.2,13.200000000000003
50,47.56,2.4399999999999977
50,51.6,1.6000000000000014
90,122.28,32.28
60,84.36,24.36
400,134.2,265.8
70,62.04,7.960000000000001
90,94.8,4.799999999999997
30,29.76,0.23999999999999844
50,51.32,1.3200000000000003
70,77.76,7.760000000000005
70,53.04,16.96
410,224.04,185.96
110,164.64,54.639999999999986
30,47.72,17.72
80,79.64,0.35999999999999943
140,197.96,57.96000000000001
120,113.92,6.079999999999998
40,64.68,24.680000000000007
140,209.28,69.28
70,75.48,5.480000000000004
70,57.36,12.64
420,237.52,182.48
120,233.68,113.68
270,196.44,73.56
90,82.84,7.159999999999997
40,44.48,4.479999999999997
50,47.12,2.8800000000000026
100,139.28,39.28
60,57.96,2.039999999999999
90,84.76,5.239999999999995
40,51.08,11.079999999999998
50,47.48,2.520000000000003
60,74.12,14.120000000000005
110,98.44,11.560000000000002
50,45.48,4.520000000000003
50,54.52,4.520000000000003
50,49.92,0.0799999999999983
50,47.32,2.6799999999999997
30,59.6,29.6
30,49.92,19.92
50,63.08,13.079999999999998
20,62.92,42.92
40,53.72,13.719999999999999
50,63.88,13.880000000000003
260,226.08,33.91999999999999
50,52.52,2.520000000000003
190,248.24,58.24000000000001
50,50.0,0.0
50,48.48,1.5200000000000031
50,56.4,6.399999999999999
50,50.8,0.7999999999999972
80,105.64,25.64
90,92.08,2.0799999999999983
50,62.76,12.759999999999998
60,50.56,9.439999999999998
70,68.0,2.0
260,243.52,16.47999999999999
50,51.4,1.3999999999999986
260,163.08,96.91999999999999
270,221.44,48.56
50,36.4,13.600000000000001
60,55.64,4.359999999999999
50,51.84,1.8400000000000034
20,38.52,18.520000000000003
120,112.0,8.0
50,49.36,0.6400000000000006
40,47.12,7.119999999999997
70,81.08,11.079999999999998
120,107.28,12.719999999999999
50,103.08,53.08
110,116.68,6.680000000000007
60,107.4,47.400000000000006
70,79.32,9.319999999999993
60,42.0,18.0
50,45.28,4.719999999999999
120,115.8,4.200000000000003
130,123.04,6.959999999999994
70,95.64,25.64
250,201.6,48.400000000000006
20,46.84,26.840000000000003
50,51.88,1.8800000000000026
40,33.16,6.840000000000003
370,414.0,44.0
50,49.04,0.9600000000000009
50,66.92,16.92
90,95.44,5.439999999999998
30,53.68,23.68
50,41.44,8.560000000000002
240,206.16,33.84
240,190.36,49.639999999999986
130,134.64,4.639999999999986
150,155.08,5.0800000000000125
40,39.92,0.0799999999999983
120,136.52,16.52000000000001
270,251.48,18.52000000000001
50,46.76,3.240000000000002
80,108.68,28.680000000000007
50,55.28,5.280000000000001
50,56.96,6.960000000000001
570,240.8,329.2
100,118.88,18.879999999999995
60,54.96,5.039999999999999
60,58.88,1.1199999999999974
50,59.44,9.439999999999998
60,51.76,8.240000000000002
60,57.64,2.3599999999999994
390,322.56,67.44
490,139.24,350.76
290,197.92,92.08000000000001
60,59.28,0.7199999999999989
440,284.36,155.64
40,53.12,13.119999999999997
190,230.16,40.16
110,122.92,12.920000000000002
120,127.28,7.280000000000001
360,130.76,229.24
60,52.8,7.200000000000003
50,50.72,0.7199999999999989
110,109.96,0.04000000000000625
80,84.24,4.239999999999995
70,68.24,1.7600000000000051
140,141.32,1.3199999999999932
50,60.72,10.719999999999999
40,32.4,7.600000000000001
70,83.64,13.64
40,37.2,2.799999999999997
80,141.36,61.360000000000014
50,49.64,0.35999999999999943
20,99.64,79.64
50,55.84,5.840000000000003
50,81.84,31.840000000000003
120,120.64,0.6400000000000006
50,57.92,7.920000000000002
40,43.92,3.9200000000000017
70,64.64,5.359999999999999
50,59.76,9.759999999999998
50,42.44,7.560000000000002
60,67.4,7.400000000000006
70,73.2,3.200000000000003
70,69.88,0.12000000000000455
50,39.32,10.68
270,255.64,14.360000000000014
90,177.72,87.72
170,167.24,2.759999999999991
100,125.88,25.879999999999995
50,50.32,0.3200000000000003
30,32.2,2.200000000000003
60,51.84,8.159999999999997
120,157.28,37.28
40,44.04,4.039999999999999
40,44.8,4.799999999999997
60,53.92,6.079999999999998
60,53.28,6.719999999999999
260,124.6,135.4
60,58.44,1.5600000000000023
60,61.08,1.0799999999999983
30,43.16,13.159999999999997
130,138.92,8.919999999999987
40,38.4,1.6000000000000014
20,31.24,11.239999999999998
70,64.84,5.159999999999997
500,318.64,181.36
130,181.24,51.24000000000001
60,54.16,5.840000000000003
50,47.24,2.759999999999998
110,146.28,36.28
80,98.32,18.319999999999993
130,139.0,9.0
110,102.2,7.799999999999997
50,51.64,1.6400000000000006
60,54.4,5.600000000000001
90,237.16,147.16
50,50.6,0.6000000000000014
40,44.36,4.359999999999999
40,40.76,0.759999999999998
40,44.08,4.079999999999998
50,56.44,6.439999999999998
70,69.32,0.6800000000000068
70,63.44,6.560000000000002
590,684.56,94.55999999999995
50,50.68,0.6799999999999997
70,55.88,14.119999999999997
40,43.48,3.479999999999997
160,165.96,5.960000000000008
60,59.08,0.9200000000000017
180,246.16,66.16
50,67.8,17.799999999999997
70,173.68,103.68
50,59.84,9.840000000000003
70,47.44,22.560000000000002
50,42.44,7.560000000000002
70,185.8,115.80000000000001
120,235.36,115.36000000000001
120,100.96,19.040000000000006
220,206.24,13.759999999999991
420,196.28,223.72
110,161.48,51.47999999999999
60,137.76,77.75999999999999
60,52.08,7.920000000000002
40,106.4,66.4
50,51.4,1.3999999999999986
30,43.72,13.719999999999999
50,58.88,8.880000000000003
140,160.72,20.72
40,48.12,8.119999999999997
30,54.64,24.64
80,157.12,77.12
50,52.52,2.520000000000003
110,97.2,12.799999999999997
100,111.24,11.239999999999995
120,56.24,63.76
80,86.36,6.359999999999999
40,48.72,8.719999999999999
30,44.6,14.600000000000001
50,41.08,8.920000000000002
60,47.28,12.719999999999999
100,133.8,33.80000000000001
50,64.36,14.36
80,63.8,16.200000000000003
80,77.84,2.1599999999999966
190,215.76,25.75999999999999
70,81.2,11.200000000000003
80,155.2,75.19999999999999
70,56.84,13.159999999999997
60,58.08,1.9200000000000017
230,207.48,22.52000000000001
60,71.0,11.0
740,301.84,438.16
50,42.76,7.240000000000002
80,86.32,6.319999999999993
40,56.24,16.240000000000002
50,45.96,4.039999999999999
90,188.36,98.36000000000001
120,119.48,0.519999999999996
40,47.36,7.359999999999999
90,125.64,35.64
40,48.68,8.68
50,50.0,0.0
50,48.16,1.8400000000000034
30,38.76,8.759999999999998
70,59.92,10.079999999999998
40,34.84,5.159999999999997
40,55.92,15.920000000000002
50,55.28,5.280000000000001
50,42.8,7.200000000000003
60,59.92,0.0799999999999983
50,58.16,8.159999999999997
130,147.56,17.560000000000002
60,45.56,14.439999999999998
50,57.28,7.280000000000001
60,45.2,14.799999999999997
50,57.52,7.520000000000003
120,101.48,18.519999999999996
50,42.4,7.600000000000001
30,25.28,4.719999999999999
60,85.56,25.560000000000002
60,65.44,5.439999999999998
270,283.56,13.560000000000002
50,54.12,4.119999999999997
50,52.08,2.0799999999999983
190,158.32,31.680000000000007
100,89.56,10.439999999999998
50,52.8,2.799999999999997
60,47.72,12.280000000000001
40,41.96,1.9600000000000009
40,76.96,36.959999999999994
90,116.72,26.72
110,97.52,12.480000000000004
110,110.04,0.04000000000000625
100,92.04,7.959999999999994
50,58.08,8.079999999999998
80,163.96,83.96000000000001
100,98.88,1.1200000000000045
130,82.2,47.8
70,70.24,0.23999999999999488
30,50.48,20.479999999999997
30,23.12,6.879999999999999
20,55.08,35.08
50,59.4,9.399999999999999
50,49.92,0.0799999999999983
40,44.6,4.600000000000001
70,63.96,6.039999999999999
410,377.68,32.31999999999999
60,59.8,0.20000000000000284
50,64.6,14.599999999999994
50,51.52,1.5200000000000031
50,58.56,8.560000000000002
160,132.0,28.0
50,66.44,16.439999999999998
430,411.2,18.80000000000001
50,49.08,0.9200000000000017
100,216.72,116.72
60,57.04,2.960000000000001
50,45.16,4.840000000000003
200,218.8,18.80000000000001
50,42.52,7.479999999999997
70,66.92,3.0799999999999983
100,96.64,3.3599999999999994
50,63.56,13.560000000000002
110,266.2,156.2
50,48.24,1.759999999999998
50,41.6,8.399999999999999
100,137.16,37.16
40,56.28,16.28
50,54.76,4.759999999999998
230,366.28,136.27999999999997
110,118.56,8.560000000000002
90,98.48,8.480000000000004
120,324.04,204.04000000000002
50,63.04,13.04
50,54.08,4.079999999999998
80,186.32,106.32
50,54.0,4.0
60,53.28,6.719999999999999
60,51.84,8.159999999999997
60,53.4,6.600000000000001
40,55.04,15.04
90,112.6,22.599999999999994
50,48.48,1.5200000000000031
90,106.12,16.120000000000005
40,43.16,3.1599999999999966
190,266.16,76.16000000000003
100,104.28,4.280000000000001
90,91.6,1.5999999999999943
70,69.24,0.7600000000000051
40,38.76,1.240000000000002
40,47.88,7.880000000000003
50,55.68,5.68
40,37.04,2.960000000000001
70,64.96,5.040000000000006
50,44.36,5.640000000000001
60,54.52,5.479999999999997
280,327.6,47.60000000000002
50,63.76,13.759999999999998
140,447.64,307.64
60,60.32,0.3200000000000003
50,54.4,4.399999999999999
80,67.24,12.760000000000005
50,68.08,18.08
40,47.32,7.32
120,184.44,64.44
40,44.2,4.200000000000003
30,33.08,3.0799999999999983
40,51.88,11.880000000000003
50,48.56,1.4399999999999977
310,286.2,23.80000000000001
60,74.0,14.0
50,41.36,8.64
80,79.72,0.28000000000000114
80,78.4,1.5999999999999943
60,72.36,12.36
370,313.6,56.39999999999998
90,95.72,5.719999999999999
30,28.68,1.3200000000000003
120,141.48,21.47999999999999
50,54.6,4.600000000000001
60,50.56,9.439999999999998
50,57.36,7.359999999999999
50,56.36,6.359999999999999
120,156.2,36.19999999999999
50,69.52,19.519999999999996
110,107.64,2.3599999999999994
120,101.28,18.72
100,182.92,82.91999999999999
20,22.08,2.0799999999999983
70,80.92,10.920000000000002
60,56.76,3.240000000000002
20,37.08,17.08
50,43.0,7.0
310,79.92,230.07999999999998
70,82.28,12.280000000000001
50,54.2,4.200000000000003
70,66.84,3.1599999999999966
50,46.64,3.3599999999999994
50,59.04,9.04
120,125.52,5.519999999999996
70,59.68,10.32
100,139.2,39.19999999999999
40,60.64,20.64
50,52.24,2.240000000000002
50,49.64,0.35999999999999943
40,71.4,31.400000000000006
40,43.08,3.0799999999999983
40,53.0,13.0
90,108.68,18.680000000000007
70,149.08,79.08000000000001
60,58.32,1.6799999999999997
70,63.8,6.200000000000003
60,51.08,8.920000000000002
50,35.8,14.200000000000003
60,62.88,2.8800000000000026
40,51.08,11.079999999999998
60,50.48,9.520000000000003
160,204.36,44.360000000000014
50,52.92,2.9200000000000017
310,241.4,68.6
50,60.28,10.280000000000001
80,172.2,92.19999999999999
150,214.52,64.52000000000001
750,331.96,418.04
50,39.48,10.520000000000003
40,49.12,9.119999999999997
390,128.08,261.91999999999996
60,52.92,7.079999999999998
160,82.48,77.52
100,189.4,89.4
60,51.36,8.64
50,51.28,1.2800000000000011
50,69.32,19.319999999999993
50,56.16,6.159999999999997
110,129.84,19.840000000000003
50,51.52,1.5200000000000031
110,100.52,9.480000000000004
40,81.88,41.879999999999995
50,46.64,3.3599999999999994
50,50.16,0.1599999999999966
40,41.32,1.3200000000000003
40,44.56,4.560000000000002
60,60.52,0.5200000000000031
50,57.72,7.719999999999999
50,58.48,8.479999999999997
50,57.4,7.399999999999999
50,57.72,7.719999999999999
40,85.48,45.480000000000004
70,49.64,20.36
70,105.6,35.599999999999994
60,43.76,16.240000000000002
40,32.44,7.560000000000002
60,68.96,8.959999999999994
70,72.96,2.9599999999999937
130,116.4,13.599999999999994
90,84.88,5.1200000000000045
20,44.72,24.72
60,191.88,131.88
80,67.72,12.280000000000001
70,124.64,54.64
90,155.84,65.84
80,117.68,37.68000000000001
40,38.84,1.1599999999999966
70,49.44,20.560000000000002
50,49.96,0.03999999999999915
110,131.92,21.919999999999987
50,55.2,5.200000000000003
30,45.76,15.759999999999998
60,60.08,0.0799999999999983
200,85.52,114.48
80,88.4,8.400000000000006
90,102.48,12.480000000000004
30,34.76,4.759999999999998
110,105.08,4.920000000000002
90,127.16,37.16
50,54.24,4.240000000000002
70,86.8,16.799999999999997
270,231.72,38.28
70,259.6,189.60000000000002
20,42.08,22.08
230,292.16,62.160000000000025
60,68.36,8.36
50,53.24,3.240000000000002
80,75.52,4.480000000000004
70,82.6,12.599999999999994
80,54.68,25.32
50,83.08,33.08
270,276.52,6.519999999999982
70,52.64,17.36
50,52.84,2.8400000000000034
60,60.68,0.6799999999999997
60,57.88,2.1199999999999974
50,43.68,6.32
60,57.96,2.039999999999999
60,55.04,4.960000000000001
70,66.72,3.280000000000001
60,50.56,9.439999999999998
50,55.68,5.68
20,31.04,11.04
100,90.08,9.920000000000002
690,462.32,227.68
120,230.12,110.12
130,157.4,27.400000000000006
50,46.96,3.039999999999999
50,58.04,8.04
300,112.76,187.24
100,113.92,13.920000000000002
100,137.4,37.400000000000006
260,247.72,12.280000000000001
70,56.56,13.439999999999998
70,60.12,9.880000000000003
60,59.04,0.9600000000000009
50,48.52,1.4799999999999969
60,69.92,9.920000000000002
110,111.16,1.1599999999999966
70,99.72,29.72
120,134.2,14.199999999999989
50,56.04,6.039999999999999
210,173.12,36.879999999999995
130,130.4,0.4000000000000057
50,59.88,9.880000000000003
80,123.76,43.760000000000005
50,48.36,1.6400000000000006
120,125.56,5.560000000000002
50,57.16,7.159999999999997
70,64.56,5.439999999999998
60,84.56,24.560000000000002
50,54.0,4.0
140,99.8,40.2
50,38.8,11.200000000000003
90,110.56,20.560000000000002
20,27.16,7.16
60,65.48,5.480000000000004
560,203.92,356.08000000000004
50,55.68,5.68
50,48.44,1.5600000000000023
60,51.24,8.759999999999998
40,35.12,4.880000000000003
60,65.96,5.959999999999994
50,49.88,0.11999999999999744
40,43.0,3.0
60,49.08,10.920000000000002
50,50.56,0.5600000000000023
70,57.2,12.799999999999997
60,47.68,12.32
120,135.76,15.759999999999991
330,216.92,113.08000000000001
60,61.4,1.3999999999999986
40,39.96,0.03999999999999915
60,58.08,1.9200000000000017
210,177.28,32.72
60,53.76,6.240000000000002
120,218.64,98.63999999999999
60,42.08,17.92
110,124.48,14.480000000000004
300,317.48,17.480000000000018
20,37.36,17.36
50,70.64,20.64
60,60.76,0.759999999999998
110,108.76,1.2399999999999949
120,210.32,90.32
50,50.0,0.0
90,105.6,15.599999999999994
50,54.16,4.159999999999997
50,53.04,3.039999999999999
60,70.16,10.159999999999997
30,39.12,9.119999999999997
70,78.8,8.799999999999997
120,110.36,9.64
120,209.2,89.19999999999999
280,302.12,22.120000000000005
80,113.84,33.84
60,52.32,7.68
50,47.96,2.039999999999999
170,109.12,60.879999999999995
140,137.56,2.4399999999999977
30,40.32,10.32
70,59.56,10.439999999999998
50,58.04,8.04
340,422.76,82.75999999999999
60,64.48,4.480000000000004
190,202.92,12.919999999999987
70,83.84,13.840000000000003
150,149.08,0.9199999999999875
60,64.96,4.959999999999994
60,58.04,1.9600000000000009
110,94.2,15.799999999999997
70,73.64,3.6400000000000006
50,51.92,1.9200000000000017
100,93.72,6.280000000000001
210,190.72,19.28
100,89.28,10.719999999999999
60,56.4,3.6000000000000014
30,59.64,29.64
60,49.92,10.079999999999998
90,90.12,0.12000000000000455
80,110.04,30.040000000000006
50,54.8,4.799999999999997
60,50.28,9.719999999999999
50,88.92,38.92
20,36.6,16.6
100,120.08,20.08
100,157.4,57.400000000000006
20,34.04,14.04
60,55.76,4.240000000000002
50,57.72,7.719999999999999
370,68.28,301.72
110,114.12,4.1200000000000045
50,64.64,14.64
90,103.0,13.0
40,43.68,3.6799999999999997
430,89.32,340.68
60,44.0,16.0
50,45.56,4.439999999999998
60,54.56,5.439999999999998
60,53.28,6.719999999999999
40,68.6,28.599999999999994
60,216.0,156.0
50,58.64,8.64
50,44.48,5.520000000000003
20,42.84,22.840000000000003
50,47.96,2.039999999999999
90,92.44,2.4399999999999977
60,65.6,5.599999999999994
90,73.16,16.840000000000003
40,43.52,3.520000000000003
50,55.4,5.399999999999999
80,98.52,18.519999999999996
50,23.52,26.48
40,42.28,2.280000000000001
70,88.24,18.239999999999995
50,56.2,6.200000000000003
50,50.8,0.7999999999999972
50,60.76,10.759999999999998
70,128.0,58.0
60,59.08,0.9200000000000017
50,51.08,1.0799999999999983
50,55.88,5.880000000000003
60,72.8,12.799999999999997
100,115.56,15.560000000000002
50,45.28,4.719999999999999
60,44.12,15.880000000000003
50,53.64,3.6400000000000006
50,61.52,11.520000000000003
50,51.32,1.3200000000000003
110,185.56,75.56
50,39.88,10.119999999999997
100,78.84,21.159999999999997
90,98.6,8.599999999999994
100,81.56,18.439999999999998
50,72.76,22.760000000000005
50,49.24,0.759999999999998
50,70.28,20.28
360,151.04,208.96
50,60.04,10.04
50,54.32,4.32
290,275.68,14.319999999999993
90,95.12,5.1200000000000045
50,53.2,3.200000000000003
50,45.36,4.640000000000001
50,61.68,11.68
80,74.72,5.280000000000001
90,156.04,66.03999999999999
60,71.0,11.0
50,48.16,1.8400000000000034
60,54.16,5.840000000000003
140,115.56,24.439999999999998
280,283.24,3.240000000000009
50,49.68,0.3200000000000003
70,75.12,5.1200000000000045
240,244.24,4.240000000000009
60,51.4,8.600000000000001
20,39.0,19.0
20,39.24,19.240000000000002
60,53.84,6.159999999999997
80,75.24,4.760000000000005
100,91.0,9.0
50,48.36,1.6400000000000006
130,140.52,10.52000000000001
50,66.24,16.239999999999995
580,441.4,138.60000000000002
20,32.32,12.32
90,175.88,85.88
100,113.44,13.439999999999998
90,79.84,10.159999999999997
50,54.96,4.960000000000001
50,71.6,21.599999999999994
40,44.04,4.039999999999999
50,47.64,2.3599999999999994
600,253.6,346.4
50,50.48,0.4799999999999969
30,39.68,9.68
30,31.4,1.3999999999999986
50,56.52,6.520000000000003
170,403.96,233.95999999999998
220,192.08,27.919999999999987
60,48.84,11.159999999999997
110,133.0,23.0
80,95.84,15.840000000000003
50,50.68,0.6799999999999997
60,221.92,161.92
60,41.92,18.08
50,66.76,16.760000000000005
580,373.8,206.2
380,383.0,3.0
60,58.4,1.6000000000000014
70,74.96,4.959999999999994
70,69.84,0.1599999999999966
20,36.44,16.439999999999998
590,616.88,26.879999999999995
60,72.48,12.480000000000004
70,159.28,89.28
60,71.16,11.159999999999997
30,79.24,49.239999999999995
40,52.88,12.880000000000003
50,53.56,3.5600000000000023
350,374.92,24.920000000000016
110,144.32,34.31999999999999
50,45.8,4.200000000000003
230,175.08,54.91999999999999
300,337.96,37.95999999999998
50,45.0,5.0
100,106.72,6.719999999999999
100,136.16,36.16
40,33.88,6.119999999999997
60,50.56,9.439999999999998
90,64.2,25.799999999999997
210,243.32,33.31999999999999
140,148.08,8.080000000000013
120,176.4,56.400000000000006
60,43.36,16.64
70,58.68,11.32
50,75.0,25.0
50,58.32,8.32
50,60.92,10.920000000000002
230,246.76,16.75999999999999
60,76.32,16.319999999999993
80,83.64,3.6400000000000006
130,95.24,34.760000000000005
70,82.56,12.560000000000002
50,52.76,2.759999999999998
100,101.44,1.4399999999999977
370,264.84,105.16000000000003
240,414.68,174.68
50,57.08,7.079999999999998
90,91.76,1.7600000000000051
80,98.32,18.319999999999993
40,39.2,0.7999999999999972
30,44.8,14.799999999999997
50,56.44,6.439999999999998
70,103.76,33.760000000000005
50,59.68,9.68
80,83.6,3.5999999999999943
80,167.08,87.08000000000001
30,69.16,39.16
30,52.68,22.68
50,59.88,9.880000000000003
50,90.48,40.480000000000004
60,58.56,1.4399999999999977
100,132.36,32.360000000000014
100,108.08,8.079999999999998
70,70.2,0.20000000000000284
440,374.88,65.12
50,53.24,3.240000000000002
30,35.68,5.68
50,66.88,16.879999999999995
150,151.84,1.8400000000000034
80,57.92,22.08
320,219.84,100.16
60,85.36,25.36
70,63.76,6.240000000000002
50,53.0,3.0
300,356.76,56.75999999999999
80,114.56,34.56
50,56.92,6.920000000000002
30,37.2,7.200000000000003
80,94.96,14.959999999999994
70,171.4,101.4
90,97.92,7.920000000000002
110,108.64,1.3599999999999994
200,254.44,54.44
80,79.64,0.35999999999999943
50,50.96,0.9600000000000009
110,106.16,3.8400000000000034
60,41.72,18.28
50,49.12,0.8800000000000026
40,54.12,14.119999999999997
70,61.04,8.96
40,33.48,6.520000000000003
70,79.52,9.519999999999996
20,80.72,60.72
470,517.72,47.72000000000003
60,301.8,241.8
40,42.12,2.1199999999999974
50,52.16,2.1599999999999966
40,78.6,38.599999999999994
50,46.24,3.759999999999998
20,37.68,17.68
100,122.24,22.239999999999995
20,28.08,8.079999999999998
90,118.72,28.72
50,55.56,5.560000000000002
60,62.36,2.3599999999999994
50,51.8,1.7999999999999972
50,46.16,3.8400000000000034
100,119.2,19.200000000000003
80,48.36,31.64
40,56.2,16.200000000000003
50,46.4,3.6000000000000014
110,116.52,6.519999999999996
140,119.68,20.319999999999993
50,39.84,10.159999999999997
40,28.64,11.36
120,64.92,55.08
80,93.96,13.959999999999994
100,108.56,8.560000000000002
60,52.6,7.399999999999999
50,75.56,25.560000000000002
40,55.16,15.159999999999997
60,57.32,2.6799999999999997
70,80.12,10.120000000000005
50,53.76,3.759999999999998
50,54.12,4.119999999999997
110,117.72,7.719999999999999
40,42.64,2.6400000000000006
70,58.72,11.280000000000001
560,449.48,110.51999999999998
100,92.92,7.079999999999998
180,167.44,12.560000000000002
60,50.6,9.399999999999999
680,233.56,446.44
120,326.92,206.92000000000002
280,312.32,32.31999999999999
70,61.28,8.719999999999999
30,24.44,5.559999999999999
20,23.88,3.879999999999999
50,60.84,10.840000000000003
80,82.84,2.8400000000000034
60,67.92,7.920000000000002
270,281.8,11.800000000000011
120,191.96,71.96000000000001
590,384.64,205.36
100,108.92,8.920000000000002
120,275.96,155.95999999999998
70,82.88,12.879999999999995
450,354.0,96.0
70,69.08,0.9200000000000017
20,41.68,21.68
60,91.88,31.879999999999995
110,217.44,107.44
220,203.44,16.560000000000002
60,55.92,4.079999999999998
120,199.68,79.68
110,158.76,48.75999999999999
50,43.6,6.399999999999999
60,61.32,1.3200000000000003
100,147.6,47.599999999999994
40,43.28,3.280000000000001
70,134.72,64.72
90,102.44,12.439999999999998
140,145.84,5.840000000000003
160,129.32,30.680000000000007
40,45.64,5.640000000000001
70,75.6,5.599999999999994
30,32.72,2.719999999999999
50,67.88,17.879999999999995
50,51.08,1.0799999999999983
40,44.48,4.479999999999997
30,33.8,3.799999999999997
30,53.52,23.520000000000003
40,43.0,3.0
40,41.72,1.7199999999999989
50,48.4,1.6000000000000014
50,48.6,1.3999999999999986
180,187.88,7.8799999999999955
50,41.4,8.600000000000001
50,49.08,0.9200000000000017
50,57.4,7.399999999999999
100,187.68,87.68
360,230.08,129.92
110,108.88,1.1200000000000045
70,197.52,127.52000000000001
130,120.84,9.159999999999997
70,81.32,11.319999999999993
60,80.24,20.239999999999995
40,41.16,1.1599999999999966
40,61.28,21.28
40,46.8,6.799999999999997
20,41.32,21.32
80,86.6,6.599999999999994
80,64.08,15.920000000000002
70,159.76,89.75999999999999
50,47.48,2.520000000000003
60,55.16,4.840000000000003
310,306.16,3.839999999999975
100,131.36,31.360000000000014
80,91.8,11.799999999999997
30,44.84,14.840000000000003
280,310.24,30.24000000000001
100,98.88,1.1200000000000045
40,58.68,18.68
130,121.24,8.760000000000005
50,45.16,4.840000000000003
100,102.6,2.5999999999999943
80,52.16,27.840000000000003
90,108.4,18.400000000000006
90,101.08,11.079999999999998
50,80.4,30.400000000000006
60,54.4,5.600000000000001
90,83.6,6.400000000000006
50,43.48,6.520000000000003
60,75.36,15.36
60,47.8,12.200000000000003
90,93.84,3.8400000000000034
60,79.6,19.599999999999994
40,35.36,4.640000000000001
110,102.6,7.400000000000006
420,306.36,113.63999999999999
50,50.68,0.6799999999999997
110,104.92,5.079999999999998
230,233.12,3.1200000000000045
100,184.2,84.19999999999999
40,77.2,37.2
410,147.28,262.72
50,44.44,5.560000000000002
60,78.96,18.959999999999994
120,120.56,0.5600000000000023
110,93.68,16.319999999999993
20,42.16,22.159999999999997
40,66.4,26.400000000000006
90,117.52,27.519999999999996
100,109.68,9.680000000000007
60,58.96,1.0399999999999991
40,47.92,7.920000000000002
40,53.44,13.439999999999998
80,108.2,28.200000000000003
50,54.76,4.759999999999998
100,119.12,19.120000000000005
50,68.8,18.799999999999997
50,49.84,0.1599999999999966
30,33.84,3.8400000000000034
70,71.2,1.2000000000000028
30,29.28,0.7199999999999989
60,44.76,15.240000000000002
60,54.08,5.920000000000002
50,35.08,14.920000000000002
340,185.76,154.24
80,138.8,58.80000000000001
70,113.0,43.0
100,103.72,3.719999999999999
50,60.04,10.04
130,171.36,41.360000000000014
100,95.12,4.8799999999999955
50,64.08,14.079999999999998
70,58.28,11.719999999999999
90,100.28,10.280000000000001
50,50.88,0.8800000000000026
30,52.12,22.119999999999997
60,61.8,1.7999999999999972
50,45.44,4.560000000000002
140,292.48,152.48000000000002
90,109.0,19.0
130,202.16,72.16
40,39.28,0.7199999999999989
110,129.48,19.47999999999999
390,392.84,2.839999999999975
50,41.04,8.96
50,36.64,13.36
50,49.68,0.3200000000000003
70,59.24,10.759999999999998
80,67.96,12.040000000000006
50,41.76,8.240000000000002
310,420.6,110.60000000000002
30,73.28,43.28
470,325.8,144.2
50,49.72,0.28000000000000114
260,139.08,120.91999999999999
50,58.84,8.840000000000003
30,37.64,7.640000000000001
50,48.96,1.0399999999999991
80,75.36,4.640000000000001
50,68.0,18.0
70,79.04,9.040000000000006
80,71.84,8.159999999999997
60,57.64,2.3599999999999994
90,77.16,12.840000000000003
100,127.84,27.840000000000003
70,80.0,10.0
40,50.04,10.04
90,63.48,26.520000000000003
80,171.64,91.63999999999999
50,52.4,2.3999999999999986
40,46.04,6.039999999999999
50,55.36,5.359999999999999
60,51.64,8.36
70,89.56,19.560000000000002
50,52.36,2.3599999999999994
70,58.6,11.399999999999999
50,49.36,0.6400000000000006
40,40.36,0.35999999999999943
80,107.52,27.519999999999996
20,31.8,11.8
120,103.56,16.439999999999998
40,51.24,11.240000000000002
100,90.28,9.719999999999999
40,44.16,4.159999999999997
240,178.76,61.24000000000001
70,209.4,139.4
80,82.36,2.3599999999999994
110,129.12,19.120000000000005
60,72.0,12.0
90,114.28,24.28
130,108.08,21.92
60,69.48,9.480000000000004
50,305.36,255.36
80,86.92,6.920000000000002
80,64.68,15.319999999999993
100,171.16,71.16
50,50.68,0.6799999999999997
60,67.0,7.0
40,44.08,4.079999999999998
690,469.12,220.88
120,139.08,19.080000000000013
70,156.56,86.56
30,47.08,17.08
50,85.6,35.599999999999994
40,51.72,11.719999999999999
70,73.6,3.5999999999999943
50,52.72,2.719999999999999
70,164.36,94.36000000000001
50,56.56,6.560000000000002
40,46.64,6.640000000000001
60,64.92,4.920000000000002
70,80.56,10.560000000000002
50,51.28,1.2800000000000011
90,199.32,109.32
260,268.52,8.519999999999982
50,53.8,3.799999999999997
80,81.04,1.0400000000000063
20,37.6,17.6
50,59.12,9.119999999999997
40,49.2,9.200000000000003
30,34.16,4.159999999999997
60,57.96,2.039999999999999
50,43.4,6.600000000000001
100,91.64,8.36
90,110.04,20.040000000000006
70,60.64,9.36
40,40.24,0.240000000000002
130,163.24,33.24000000000001
50,42.84,7.159999999999997
60,57.72,2.280000000000001
60,49.8,10.200000000000003
170,198.72,28.72
50,60.96,10.96
60,54.84,5.159999999999997
50,51.52,1.5200000000000031
60,56.32,3.6799999999999997
50,54.72,4.719999999999999
50,60.32,10.32
110,84.96,25.040000000000006
100,134.44,34.44
40,54.0,14.0
40,45.76,5.759999999999998
60,81.4,21.400000000000006
60,69.44,9.439999999999998
60,76.92,16.92
60,83.8,23.799999999999997
90,108.32,18.319999999999993
40,138.6,98.6
80,83.48,3.480000000000004
380,195.6,184.4
50,72.56,22.560000000000002
110,107.04,2.9599999999999937
60,51.08,8.920000000000002
70,114.44,44.44
30,48.96,18.96
80,124.56,44.56
60,52.64,7.359999999999999
60,60.52,0.5200000000000031
250,231.16,18.840000000000003
50,50.16,0.1599999999999966
50,45.0,5.0
80,109.68,29.680000000000007
60,55.92,4.079999999999998
50,51.76,1.759999999999998
60,171.72,111.72
70,68.12,1.8799999999999955
100,136.0,36.0
60,50.52,9.479999999999997
50,66.48,16.480000000000004
60,84.76,24.760000000000005
70,85.92,15.920000000000002
60,54.08,5.920000000000002
40,49.92,9.920000000000002
60,59.72,0.28000000000000114
60,70.72,10.719999999999999
60,72.44,12.439999999999998
80,74.64,5.359999999999999
40,51.56,11.560000000000002
50,51.12,1.1199999999999974
60,51.84,8.159999999999997
50,55.6,5.600000000000001
40,43.0,3.0
50,51.32,1.3200000000000003
30,40.08,10.079999999999998
60,107.24,47.239999999999995
130,304.08,174.07999999999998
50,50.2,0.20000000000000284
80,112.16,32.16
60,54.64,5.359999999999999
110,101.28,8.719999999999999
60,42.36,17.64
70,69.56,0.4399999999999977
250,287.36,37.360000000000014
100,114.84,14.840000000000003
70,67.72,2.280000000000001
40,45.56,5.560000000000002
70,63.16,6.840000000000003
40,44.64,4.640000000000001
70,121.88,51.879999999999995
50,55.44,5.439999999999998
70,141.52,71.52000000000001
120,163.84,43.84
40,58.2,18.200000000000003
50,49.68,0.3200000000000003
40,71.4,31.400000000000006
350,166.64,183.36
110,138.56,28.560000000000002
110,200.72,90.72
40,49.96,9.96
230,144.12,85.88
30,81.16,51.16
40,42.4,2.3999999999999986
80,66.2,13.799999999999997
60,59.8,0.20000000000000284
40,46.76,6.759999999999998
50,46.52,3.479999999999997
50,58.28,8.280000000000001
50,40.44,9.560000000000002
50,45.04,4.960000000000001
50,44.56,5.439999999999998
50,49.52,0.4799999999999969
40,50.4,10.399999999999999
60,128.28,68.28
60,43.68,16.32
90,130.36,40.360000000000014
60,56.8,3.200000000000003
90,115.88,25.879999999999995
100,262.8,162.8
70,64.04,5.959999999999994
30,36.56,6.560000000000002
50,155.2,105.19999999999999
60,56.4,3.6000000000000014
170,128.64,41.360000000000014
430,354.12,75.88
90,242.44,152.44
30,30.2,0.1999999999999993
330,109.56,220.44
50,48.96,1.0399999999999991
40,57.0,17.0
290,366.64,76.63999999999999
50,90.44,40.44
40,39.16,0.8400000000000034
40,37.28,2.719999999999999
50,61.36,11.36
60,78.0,18.0
100,106.4,6.400000000000006
50,47.84,2.1599999999999966
30,48.56,18.560000000000002
50,42.96,7.039999999999999
80,97.64,17.64
60,83.56,23.560000000000002
60,50.2,9.799999999999997
70,71.08,1.0799999999999983
100,90.16,9.840000000000003
50,62.24,12.240000000000002
100,101.2,1.2000000000000028
430,334.24,95.75999999999999
70,84.6,14.599999999999994
340,236.52,103.47999999999999
50,53.92,3.9200000000000017
80,89.6,9.599999999999994
50,48.28,1.7199999999999989
60,53.44,6.560000000000002
90,105.68,15.680000000000007
50,72.64,22.64
80,89.04,9.040000000000006
70,68.6,1.4000000000000057
90,315.4,225.39999999999998
60,68.88,8.879999999999995
40,47.32,7.32
110,126.08,16.08
50,50.32,0.3200000000000003
100,99.6,0.4000000000000057
50,53.12,3.1199999999999974
60,71.48,11.480000000000004
90,105.2,15.200000000000003
50,55.0,5.0
40,45.08,5.079999999999998
60,43.96,16.04
60,65.4,5.400000000000006
50,76.56,26.560000000000002
60,101.96,41.959999999999994
30,54.52,24.520000000000003
50,48.8,1.2000000000000028
80,79.32,0.6800000000000068
140,126.24,13.760000000000005
50,55.48,5.479999999999997
120,89.2,30.799999999999997
110,127.4,17.400000000000006
100,103.4,3.4000000000000057
50,42.8,7.200000000000003
80,129.84,49.84
80,92.72,12.719999999999999
50,55.48,5.479999999999997
50,39.04,10.96
190,125.32,64.68
60,56.92,3.0799999999999983
100,218.52,118.52000000000001
110,99.48,10.519999999999996
50,133.8,83.80000000000001
50,49.52,0.4799999999999969
50,58.88,8.880000000000003
50,57.4,7.399999999999999
40,45.2,5.200000000000003
60,49.52,10.479999999999997
60,52.92,7.079999999999998
60,121.56,61.56
370,204.56,165.44
40,68.68,28.680000000000007
70,56.68,13.32
20,50.52,30.520000000000003
80,103.56,23.560000000000002
90,107.96,17.959999999999994
60,68.92,8.920000000000002
50,42.64,7.359999999999999
90,92.28,2.280000000000001
50,59.4,9.399999999999999
120,120.56,0.5600000000000023
770,331.52,438.48
270,257.72,12.279999999999973
110,209.12,99.12
50,41.48,8.520000000000003
60,53.56,6.439999999999998
60,51.88,8.119999999999997
60,77.4,17.400000000000006
100,106.16,6.159999999999997
60,45.04,14.96
60,71.88,11.879999999999995
50,55.32,5.32
60,62.52,2.520000000000003
40,39.36,0.6400000000000006
60,69.64,9.64
540,383.4,156.60000000000002
50,58.92,8.920000000000002
50,52.32,2.3200000000000003
260,255.6,4.400000000000006
40,45.48,5.479999999999997
120,181.68,61.68000000000001
60,140.76,80.75999999999999
50,61.28,11.280000000000001
80,61.48,18.520000000000003
70,77.08,7.079999999999998
40,60.84,20.840000000000003
60,60.12,0.11999999999999744
90,92.2,2.200000000000003
100,123.56,23.560000000000002
60,56.32,3.6799999999999997
210,248.48,38.47999999999999
100,86.88,13.120000000000005
80,101.88,21.879999999999995
70,70.36,0.35999999999999943
40,46.8,6.799999999999997
230,110.0,120.0
30,43.0,13.0
50,50.36,0.35999999999999943
60,42.48,17.520000000000003
40,37.96,2.039999999999999
60,49.72,10.280000000000001
60,66.36,6.359999999999999
70,81.36,11.36
300,401.84,101.83999999999997
50,53.88,3.8800000000000026
110,266.88,156.88
90,97.36,7.359999999999999
40,40.28,0.28000000000000114
60,86.36,26.36
130,118.08,11.920000000000002
50,57.44,7.439999999999998
50,44.92,5.079999999999998
80,109.2,29.200000000000003
80,89.56,9.560000000000002
120,141.24,21.24000000000001
40,46.48,6.479999999999997
90,106.92,16.92
80,86.36,6.359999999999999
60,64.68,4.680000000000007
60,71.64,11.64
40,56.48,16.479999999999997
420,123.88,296.12
70,70.04,0.04000000000000625
60,42.76,17.240000000000002
50,41.92,8.079999999999998
250,126.88,123.12
60,83.88,23.879999999999995
30,32.92,2.9200000000000017
60,85.6,25.599999999999994
60,296.96,236.95999999999998
80,85.44,5.439999999999998
50,48.48,1.5200000000000031
50,33.04,16.96
30,38.88,8.880000000000003
40,57.32,17.32
50,46.56,3.4399999999999977
20,40.44,20.439999999999998
270,383.6,113.60000000000002
60,64.16,4.159999999999997
90,145.68,55.68000000000001
90,89.56,0.4399999999999977
50,56.64,6.640000000000001
30,36.84,6.840000000000003
60,71.28,11.280000000000001
70,50.68,19.32
130,146.4,16.400000000000006
60,122.48,62.480000000000004
50,54.88,4.880000000000003
60,59.6,0.3999999999999986
70,94.96,24.959999999999994
120,137.08,17.080000000000013
30,31.2,1.1999999999999993
100,126.32,26.319999999999993
40,53.96,13.96
80,125.52,45.519999999999996
50,46.48,3.520000000000003
60,46.84,13.159999999999997
50,58.92,8.920000000000002
30,62.96,32.96
70,108.76,38.760000000000005
90,84.72,5.280000000000001
50,66.2,16.200000000000003
50,53.52,3.520000000000003
720,282.8,437.2
50,43.68,6.32
80,116.44,36.44
50,55.12,5.119999999999997
50,49.76,0.240000000000002
80,84.44,4.439999999999998
60,54.76,5.240000000000002
50,44.16,5.840000000000003
160,178.12,18.120000000000005
60,94.32,34.31999999999999
40,36.8,3.200000000000003
60,47.2,12.799999999999997
90,93.28,3.280000000000001
50,45.88,4.119999999999997
60,54.0,6.0
60,54.52,5.479999999999997
60,76.0,16.0
90,98.28,8.280000000000001
60,84.88,24.879999999999995
70,95.64,25.64
50,58.04,8.04
190,193.24,3.240000000000009
110,108.52,1.480000000000004
60,51.64,8.36
70,109.44,39.44
80,88.4,8.400000000000006
50,54.64,4.640000000000001
70,119.4,49.400000000000006
440,287.88,152.12
100,109.48,9.480000000000004
50,58.64,8.64
50,47.72,2.280000000000001
110,106.16,3.8400000000000034
80,85.24,5.239999999999995
110,92.88,17.120000000000005
50,46.2,3.799999999999997
60,57.28,2.719999999999999
50,44.32,5.68
50,63.0,13.0
70,85.16,15.159999999999997
40,56.4,16.4
60,59.92,0.0799999999999983
80,102.92,22.92
40,53.36,13.36
60,61.12,1.1199999999999974
80,95.76,15.760000000000005
60,71.44,11.439999999999998
50,58.92,8.920000000000002
50,53.32,3.3200000000000003
50,43.28,6.719999999999999
60,63.64,3.6400000000000006
60,64.72,4.719999999999999
100,118.56,18.560000000000002
30,43.32,13.32
20,27.76,7.760000000000002
50,58.2,8.200000000000003
70,93.8,23.799999999999997
100,121.28,21.28
50,48.2,1.7999999999999972
100,111.84,11.840000000000003
320,84.2,235.8
130,518.56,388.55999999999995
50,49.68,0.3200000000000003
50,42.84,7.159999999999997
60,53.44,6.560000000000002
150,153.08,3.0800000000000125
70,79.04,9.040000000000006
90,109.72,19.72
80,180.36,100.36000000000001
80,130.88,50.879999999999995
130,121.44,8.560000000000002
40,48.48,8.479999999999997
70,97.44,27.439999999999998
50,53.88,3.8800000000000026
40,25.68,14.32
140,141.08,1.0800000000000125
50,47.08,2.9200000000000017
610,436.64,173.36
50,59.52,9.520000000000003
50,65.96,15.959999999999994
50,63.88,13.880000000000003
100,97.04,2.9599999999999937
100,170.12,70.12
60,67.48,7.480000000000004
50,54.76,4.759999999999998
230,237.4,7.400000000000006
50,52.28,2.280000000000001
90,105.12,15.120000000000005
50,92.52,42.519999999999996
70,93.72,23.72
40,56.48,16.479999999999997
50,50.4,0.3999999999999986
50,56.84,6.840000000000003
130,147.12,17.120000000000005
140,180.8,40.80000000000001
50,32.04,17.96
20,42.36,22.36
140,137.84,2.1599999999999966
50,55.12,5.119999999999997
130,127.08,2.9200000000000017
60,55.92,4.079999999999998
40,34.92,5.079999999999998
50,35.44,14.560000000000002
190,156.64,33.360000000000014
40,44.48,4.479999999999997
40,47.6,7.600000000000001
70,63.72,6.280000000000001
50,47.32,2.6799999999999997
60,172.88,112.88
50,62.28,12.280000000000001
80,65.16,14.840000000000003
50,64.52,14.519999999999996
50,39.84,10.159999999999997
50,55.6,5.600000000000001
50,49.36,0.6400000000000006
130,137.96,7.960000000000008
90,88.88,1.1200000000000045
90,82.56,7.439999999999998
40,44.28,4.280000000000001
50,51.44,1.4399999999999977
50,46.84,3.1599999999999966
50,66.52,16.519999999999996
50,50.76,0.759999999999998
30,36.4,6.399999999999999
40,50.88,10.880000000000003
60,59.68,0.3200000000000003
50,96.52,46.519999999999996
300,382.4,82.39999999999998
50,45.68,4.32
620,424.04,195.95999999999998
70,72.72,2.719999999999999
60,56.6,3.3999999999999986
80,85.8,5.799999999999997
270,335.56,65.56
120,203.92,83.91999999999999
50,57.08,7.079999999999998
70,52.64,17.36
50,51.2,1.2000000000000028
120,112.88,7.1200000000000045
130,156.72,26.72
50,51.8,1.7999999999999972
60,61.16,1.1599999999999966
80,136.2,56.19999999999999
70,61.28,8.719999999999999
80,95.84,15.840000000000003
40,49.16,9.159999999999997
50,53.36,3.3599999999999994
100,82.24,17.760000000000005
100,104.24,4.239999999999995
70,78.96,8.959999999999994
60,52.24,7.759999999999998
50,42.68,7.32
40,84.8,44.8
80,103.96,23.959999999999994
70,234.24,164.24
50,40.64,9.36
60,60.8,0.7999999999999972
140,144.4,4.400000000000006
40,47.08,7.079999999999998
70,64.56,5.439999999999998
110,110.44,0.4399999999999977
50,31.92,18.08
50,51.56,1.5600000000000023
30,44.2,14.200000000000003
80,79.12,0.8799999999999955
60,141.6,81.6
40,47.0,7.0
30,45.72,15.719999999999999
110,133.4,23.400000000000006
90,84.44,5.560000000000002
280,193.92,86.08000000000001
50,48.04,1.9600000000000009
50,55.76,5.759999999999998
90,77.88,12.120000000000005
60,104.68,44.68000000000001
80,86.08,6.079999999999998
100,116.2,16.200000000000003
40,122.6,82.6
40,39.68,0.3200000000000003
80,112.0,32.0
50,64.76,14.760000000000005
260,314.32,54.31999999999999
220,186.24,33.75999999999999
90,88.64,1.3599999999999994
60,69.72,9.719999999999999
60,53.8,6.200000000000003
70,77.88,7.8799999999999955
70,122.04,52.040000000000006
60,72.92,12.920000000000002
100,223.52,123.52000000000001
80,77.08,2.9200000000000017
70,79.92,9.920000000000002
60,55.36,4.640000000000001
60,114.52,54.519999999999996
50,55.08,5.079999999999998
50,37.6,12.399999999999999
270,286.68,16.680000000000007
40,71.12,31.120000000000005
60,79.56,19.560000000000002
180,171.12,8.879999999999995
40,35.32,4.68
300,272.16,27.839999999999975
50,39.6,10.399999999999999
60,80.12,20.120000000000005
70,60.28,9.719999999999999
70,72.32,2.319999999999993
60,78.44,18.439999999999998
50,58.8,8.799999999999997
50,57.28,7.280000000000001
60,51.88,8.119999999999997
270,192.56,77.44
60,48.88,11.119999999999997
540,176.96,363.03999999999996
90,114.0,24.0
50,53.36,3.3599999999999994
60,54.0,6.0
60,56.04,3.960000000000001
70,86.2,16.200000000000003
50,59.48,9.479999999999997
40,68.8,28.799999999999997
50,52.6,2.6000000000000014
140,131.24,8.759999999999991
60,58.6,1.3999999999999986
590,357.68,232.32
80,83.64,3.6400000000000006
60,56.32,3.6799999999999997
50,55.48,5.479999999999997
60,57.08,2.9200000000000017
190,203.08,13.080000000000013
30,27.04,2.960000000000001
60,72.16,12.159999999999997
60,66.24,6.239999999999995
390,171.64,218.36
50,50.24,0.240000000000002
60,89.96,29.959999999999994
40,31.52,8.48
110,186.48,76.47999999999999
60,58.56,1.4399999999999977
50,88.08,38.08
50,54.4,4.399999999999999
320,149.96,170.04
40,52.0,12.0
40,34.24,5.759999999999998
90,111.92,21.92
120,171.68,51.68000000000001
80,92.76,12.760000000000005
70,68.48,1.519999999999996
80,166.68,86.68
40,61.16,21.159999999999997
100,232.16,132.16
460,258.76,201.24
20,27.36,7.359999999999999
40,46.04,6.039999999999999
50,60.36,10.36
140,142.92,2.9199999999999875
50,51.12,1.1199999999999974
60,54.12,5.880000000000003
140,117.32,22.680000000000007
120,134.88,14.879999999999995
70,66.76,3.239999999999995
430,359.56,70.44
70,85.2,15.200000000000003
140,183.12,43.120000000000005
430,114.28,315.72
90,84.56,5.439999999999998
40,33.8,6.200000000000003
50,37.96,12.04
50,50.6,0.6000000000000014
70,86.36,16.36
120,125.92,5.920000000000002
50,51.88,1.8800000000000026
290,273.52,16.480000000000018
40,37.56,2.4399999999999977
50,196.32,146.32
80,152.88,72.88
70,233.16,163.16
60,52.6,7.399999999999999
70,183.16,113.16
80,75.48,4.519999999999996
80,109.88,29.879999999999995
90,238.12,148.12
40,50.2,10.200000000000003
50,44.4,5.600000000000001
50,48.32,1.6799999999999997
120,169.4,49.400000000000006
90,66.88,23.120000000000005
50,42.84,7.159999999999997
100,126.16,26.159999999999997
110,116.72,6.719999999999999
50,41.96,8.04
60,51.12,8.880000000000003
80,86.32,6.319999999999993
210,194.72,15.280000000000001
310,244.92,65.08000000000001
60,57.84,2.1599999999999966
50,38.44,11.560000000000002
50,49.44,0.5600000000000023
30,45.68,15.68
50,121.48,71.48
200,74.84,125.16
50,59.8,9.799999999999997
70,69.72,0.28000000000000114
20,38.64,18.64
120,132.68,12.680000000000007
110,149.28,39.28
370,423.6,53.60000000000002
80,88.92,8.920000000000002
50,59.36,9.36
20,29.92,9.920000000000002
360,164.88,195.12
50,46.68,3.3200000000000003
60,62.72,2.719999999999999
50,54.76,4.759999999999998
100,121.48,21.480000000000004
60,54.52,5.479999999999997
50,51.0,1.0
120,174.44,54.44
40,41.8,1.7999999999999972
50,54.24,4.240000000000002
70,65.28,4.719999999999999
80,91.32,11.319999999999993
80,94.76,14.760000000000005
40,43.48,3.479999999999997
40,39.56,0.4399999999999977
100,212.84,112.84
280,179.84,100.16
60,61.36,1.3599999999999994
110,102.84,7.159999999999997
70,58.72,11.280000000000001
90,109.4,19.400000000000006
390,358.36,31.639999999999986
90,91.96,1.9599999999999937
40,50.2,10.200000000000003
50,62.6,12.600000000000001
80,97.96,17.959999999999994
180,289.2,109.19999999999999
50,46.76,3.240000000000002
50,81.24,31.239999999999995
50,53.6,3.6000000000000014
100,141.24,41.24000000000001
260,141.08,118.91999999999999
120,102.64,17.36
310,292.08,17.920000000000016
240,177.6,62.400000000000006
50,66.84,16.840000000000003
50,50.32,0.3200000000000003
100,93.52,6.480000000000004
40,50.2,10.200000000000003
60,63.72,3.719999999999999
60,60.92,0.9200000000000017
80,92.28,12.280000000000001
70,96.56,26.560000000000002
360,424.16,64.16000000000003
60,111.4,51.400000000000006
50,51.76,1.759999999999998
60,59.08,0.9200000000000017
60,57.28,2.719999999999999
120,85.92,34.08
220,180.16,39.84
70,57.2,12.799999999999997
50,53.96,3.960000000000001
30,34.2,4.200000000000003
100,95.44,4.560000000000002
50,52.24,2.240000000000002
370,207.12,162.88
40,47.48,7.479999999999997
50,51.4,1.3999999999999986
40,51.04,11.04
50,47.2,2.799999999999997
30,97.12,67.12
70,67.12,2.8799999999999955
40,37.16,2.8400000000000034
60,57.12,2.8800000000000026
50,44.36,5.640000000000001
50,36.24,13.759999999999998
90,131.92,41.91999999999999
20,24.92,4.920000000000002
430,395.96,34.04000000000002
50,72.0,22.0
40,40.08,0.0799999999999983
280,325.8,45.80000000000001
70,87.2,17.200000000000003
100,91.96,8.040000000000006
40,45.28,5.280000000000001
230,314.76,84.75999999999999
70,68.4,1.5999999999999943
60,52.24,7.759999999999998
60,105.68,45.68000000000001
60,65.88,5.8799999999999955
50,55.04,5.039999999999999
40,43.84,3.8400000000000034
60,145.48,85.47999999999999
50,49.24,0.759999999999998
50,50.6,0.6000000000000014
80,121.72,41.72
90,82.44,7.560000000000002
30,33.84,3.8400000000000034
40,56.04,16.04
110,148.32,38.31999999999999
70,94.92,24.92
40,50.48,10.479999999999997
120,121.28,1.2800000000000011
40,59.44,19.439999999999998
80,86.0,6.0
70,331.0,261.0
190,202.16,12.159999999999997
120,142.44,22.439999999999998
30,43.28,13.280000000000001
70,106.28,36.28
350,167.2,182.8
50,50.2,0.20000000000000284
40,33.2,6.799999999999997
20,31.36,11.36
30,34.84,4.840000000000003
40,54.76,14.759999999999998
140,144.68,4.680000000000007
360,92.16,267.84000000000003
290,244.6,45.400000000000006
100,113.88,13.879999999999995
60,51.48,8.520000000000003
110,107.68,2.319999999999993
40,59.8,19.799999999999997
50,50.96,0.9600000000000009
70,78.6,8.599999999999994
70,214.04,144.04
100,88.96,11.040000000000006
320,172.52,147.48
90,71.16,18.840000000000003
320,414.72,94.72000000000003
40,45.72,5.719999999999999
280,280.68,0.6800000000000068
40,57.68,17.68
50,51.72,1.7199999999999989
20,37.36,17.36
50,54.84,4.840000000000003
50,43.0,7.0
150,122.96,27.040000000000006
50,49.84,0.1599999999999966
20,41.52,21.520000000000003
50,39.6,10.399999999999999
50,59.36,9.36
50,48.96,1.0399999999999991
70,62.68,7.32
50,54.72,4.719999999999999
240,293.84,53.839999999999975
60,57.12,2.8800000000000026
50,51.2,1.2000000000000028
50,54.4,4.399999999999999
40,45.88,5.880000000000003
40,39.16,0.8400000000000034
70,66.28,3.719999999999999
120,123.84,3.8400000000000034
60,48.24,11.759999999999998
80,126.68,46.68000000000001
50,53.96,3.960000000000001
50,45.68,4.32
440,149.28,290.72
50,185.28,135.28
60,65.28,5.280000000000001
120,94.04,25.959999999999994
300,426.52,126.51999999999998
350,290.12,59.879999999999995
40,45.4,5.399999999999999
60,48.36,11.64
210,111.88,98.12
270,376.32,106.32
70,57.12,12.880000000000003
50,90.16,40.16
60,72.72,12.719999999999999
250,208.08,41.91999999999999
50,53.92,3.9200000000000017
70,62.36,7.640000000000001
50,88.08,38.08
80,78.68,1.3199999999999932
30,51.76,21.759999999999998
30,84.8,54.8
100,100.6,0.5999999999999943
80,256.16,176.16000000000003
130,173.6,43.599999999999994
150,181.2,31.19999999999999
140,134.76,5.240000000000009
60,55.72,4.280000000000001
120,93.0,27.0
60,53.36,6.640000000000001
50,52.52,2.520000000000003
60,98.48,38.480000000000004
50,53.8,3.799999999999997
170,99.16,70.84
80,241.04,161.04
130,134.2,4.199999999999989
110,117.2,7.200000000000003
80,76.8,3.200000000000003
50,80.28,30.28
40,46.84,6.840000000000003
70,127.56,57.56
50,62.08,12.079999999999998
80,162.2,82.19999999999999
260,261.68,1.6800000000000068
630,97.52,532.48
50,51.24,1.240000000000002
80,83.16,3.1599999999999966
20,43.56,23.560000000000002
50,55.6,5.600000000000001
70,84.4,14.400000000000006
50,57.44,7.439999999999998
30,41.36,11.36
50,51.44,1.4399999999999977
30,47.8,17.799999999999997
50,69.08,19.08
60,70.08,10.079999999999998
100,111.0,11.0
100,104.76,4.760000000000005
50,44.92,5.079999999999998
70,49.92,20.08
310,273.44,36.56
500,183.8,316.2
50,53.48,3.479999999999997
60,55.56,4.439999999999998
60,52.96,7.039999999999999
70,123.88,53.879999999999995
70,65.92,4.079999999999998
50,40.4,9.600000000000001
40,54.2,14.200000000000003
30,42.56,12.560000000000002
60,79.88,19.879999999999995
110,135.0,25.0
50,43.32,6.68
50,45.88,4.119999999999997
60,176.36,116.36000000000001
70,81.08,11.079999999999998
100,96.68,3.319999999999993
240,256.32,16.319999999999993
50,38.48,11.520000000000003
50,40.52,9.479999999999997
60,63.16,3.1599999999999966
50,53.4,3.3999999999999986
80,104.08,24.08
340,326.6,13.399999999999977
80,80.76,0.7600000000000051
60,52.64,7.359999999999999
40,39.64,0.35999999999999943
90,126.48,36.480000000000004
50,55.76,5.759999999999998
30,30.96,0.9600000000000009
80,152.92,72.91999999999999
50,53.04,3.039999999999999
30,39.88,9.880000000000003
50,68.36,18.36
50,52.0,2.0
50,51.08,1.0799999999999983
40,49.6,9.600000000000001
50,46.04,3.960000000000001
90,102.08,12.079999999999998
70,106.6,36.599999999999994
90,87.56,2.4399999999999977
100,255.04,155.04
50,37.72,12.280000000000001
70,68.4,1.5999999999999943
50,48.4,1.6000000000000014
30,37.52,7.520000000000003
100,113.96,13.959999999999994
70,91.8,21.799999999999997
100,99.76,0.23999999999999488
80,90.12,10.120000000000005
60,67.56,7.560000000000002
600,312.88,287.12
70,66.92,3.0799999999999983
50,51.16,1.1599999999999966
50,51.96,1.9600000000000009
80,93.92,13.920000000000002
50,55.56,5.560000000000002
60,73.16,13.159999999999997
90,80.68,9.319999999999993
30,51.0,21.0
290,294.6,4.600000000000023
60,56.64,3.3599999999999994
560,103.52,456.48
80,86.12,6.1200000000000045
60,56.28,3.719999999999999
60,60.32,0.3200000000000003
40,57.68,17.68
30,44.12,14.119999999999997
60,80.88,20.879999999999995
50,76.64,26.64
40,53.04,13.04
130,132.04,2.039999999999992
70,62.68,7.32
110,126.76,16.760000000000005
260,212.8,47.19999999999999
50,51.56,1.5600000000000023
60,60.76,0.759999999999998
70,115.76,45.760000000000005
70,58.56,11.439999999999998
50,42.84,7.159999999999997
50,50.4,0.3999999999999986
110,105.16,4.840000000000003
80,103.08,23.08
30,47.0,17.0
40,46.12,6.119999999999997
50,60.28,10.280000000000001
480,281.24,198.76
40,47.56,7.560000000000002
60,51.36,8.64
240,279.52,39.51999999999998
130,119.12,10.879999999999995
80,76.92,3.0799999999999983
40,48.08,8.079999999999998
150,148.56,1.4399999999999977
60,72.44,12.439999999999998
110,111.04,1.0400000000000063
60,59.48,0.5200000000000031
50,49.92,0.0799999999999983
70,57.44,12.560000000000002
60,56.68,3.3200000000000003
400,411.0,11.0
60,117.72,57.72
50,44.4,5.600000000000001
70,52.08,17.92
70,51.24,18.759999999999998
60,48.04,11.96
130,147.68,17.680000000000007
60,60.76,0.759999999999998
50,59.4,9.399999999999999
230,210.12,19.879999999999995
30,37.52,7.520000000000003
40,38.6,1.3999999999999986
30,43.16,13.159999999999997
120,120.64,0.6400000000000006
50,62.48,12.479999999999997
80,119.12,39.120000000000005
90,151.2,61.19999999999999
80,79.72,0.28000000000000114
60,56.16,3.8400000000000034
100,564.6,464.6
310,345.0,35.0
50,40.92,9.079999999999998
50,51.92,1.9200000000000017
40,37.72,2.280000000000001
50,49.68,0.3200000000000003
120,114.76,5.239999999999995
140,118.6,21.400000000000006
60,50.28,9.719999999999999
50,48.32,1.6799999999999997
70,64.56,5.439999999999998
40,36.36,3.6400000000000006
40,49.32,9.32
50,51.8,1.7999999999999972
60,61.04,1.0399999999999991
30,40.04,10.04
50,50.36,0.35999999999999943
80,78.12,1.8799999999999955
60,61.16,1.1599999999999966
180,146.32,33.68000000000001
70,60.8,9.200000000000003
410,183.24,226.76
40,60.8,20.799999999999997
110,106.04,3.9599999999999937
80,320.12,240.12
50,67.0,17.0
60,50.24,9.759999999999998
100,167.2,67.19999999999999
40,64.6,24.599999999999994
390,223.44,166.56
100,97.2,2.799999999999997
60,136.2,76.19999999999999
20,33.48,13.479999999999997
390,360.24,29.75999999999999
60,46.76,13.240000000000002
50,38.8,11.200000000000003
60,71.56,11.560000000000002
50,88.88,38.879999999999995
60,61.96,1.9600000000000009
50,42.72,7.280000000000001
60,62.88,2.8800000000000026
40,53.92,13.920000000000002
40,44.88,4.880000000000003
50,54.4,4.399999999999999
480,393.36,86.63999999999999
50,48.2,1.7999999999999972
30,46.44,16.439999999999998
80,69.4,10.599999999999994
100,142.52,42.52000000000001
50,58.8,8.799999999999997
200,93.88,106.12
40,49.88,9.880000000000003
30,38.68,8.68
60,62.76,2.759999999999998
90,117.64,27.64
300,219.88,80.12
60,61.76,1.759999999999998
130,183.08,53.08000000000001
50,76.96,26.959999999999994
50,51.96,1.9600000000000009
60,50.6,9.399999999999999
20,44.4,24.4
50,54.84,4.840000000000003
330,171.32,158.68
60,93.68,33.68000000000001
70,67.68,2.319999999999993
50,85.04,35.040000000000006
70,70.08,0.0799999999999983
460,365.12,94.88
80,94.8,14.799999999999997
370,108.36,261.64
120,141.12,21.120000000000005
350,177.8,172.2
370,350.28,19.720000000000027
60,60.28,0.28000000000000114
100,135.16,35.16
60,56.64,3.3599999999999994
60,76.32,16.319999999999993
40,53.28,13.280000000000001
70,64.64,5.359999999999999
280,298.84,18.839999999999975
90,136.72,46.72
70,77.32,7.319999999999993
50,45.12,4.880000000000003
60,54.12,5.880000000000003
60,55.2,4.799999999999997
150,150.76,0.7599999999999909
110,123.84,13.840000000000003
90,73.72,16.28
260,121.52,138.48000000000002
260,229.24,30.75999999999999
30,67.08,37.08
50,44.44,5.560000000000002
60,62.44,2.4399999999999977
250,224.76,25.24000000000001
90,92.08,2.0799999999999983
60,49.88,10.119999999999997
60,56.04,3.960000000000001
110,100.68,9.319999999999993
240,75.52,164.48000000000002
490,196.4,293.6
60,58.84,1.1599999999999966
60,75.24,15.239999999999995
70,61.0,9.0
50,52.48,2.479999999999997
50,55.0,5.0
530,443.96,86.04000000000002
50,57.56,7.560000000000002
40,59.08,19.08
140,111.76,28.239999999999995
30,48.76,18.759999999999998
120,148.52,28.52000000000001
300,382.84,82.83999999999997
70,76.24,6.239999999999995
90,206.72,116.72
40,50.6,10.600000000000001
60,55.56,4.439999999999998
90,181.56,91.56
30,50.88,20.880000000000003
110,129.68,19.680000000000007
40,255.0,215.0
340,319.8,20.19999999999999
190,94.84,95.16
50,46.84,3.1599999999999966
70,63.16,6.840000000000003
60,59.88,0.11999999999999744
70,73.48,3.480000000000004
50,68.68,18.680000000000007
70,60.28,9.719999999999999
80,76.72,3.280000000000001
100,107.4,7.400000000000006
130,91.76,38.239999999999995
140,323.64,183.64
60,53.84,6.159999999999997
50,71.96,21.959999999999994
60,52.32,7.68
50,55.56,5.560000000000002
110,121.36,11.36
30,41.6,11.600000000000001
70,68.0,2.0
60,47.44,12.560000000000002
60,49.08,10.920000000000002
30,59.36,29.36
140,150.36,10.360000000000014
20,39.8,19.799999999999997
20,46.08,26.08
60,108.96,48.959999999999994
90,99.28,9.280000000000001
80,79.2,0.7999999999999972
410,261.16,148.83999999999997
80,76.24,3.760000000000005
50,47.28,2.719999999999999
140,129.44,10.560000000000002
80,111.24,31.239999999999995
60,62.12,2.1199999999999974
50,57.32,7.32
40,43.12,3.1199999999999974
60,56.4,3.6000000000000014
50,50.92,0.9200000000000017
110,100.04,9.959999999999994
110,142.04,32.03999999999999
100,91.32,8.680000000000007
320,366.28,46.27999999999997
80,118.04,38.040000000000006
100,115.32,15.319999999999993
50,57.6,7.600000000000001
110,136.12,26.120000000000005
50,60.72,10.719999999999999
50,65.4,15.400000000000006
70,67.08,2.9200000000000017
610,482.68,127.32
30,54.88,24.880000000000003
60,49.96,10.04
340,332.84,7.160000000000025
170,162.28,7.719999999999999
90,78.8,11.200000000000003
50,45.44,4.560000000000002
50,58.68,8.68
60,56.28,3.719999999999999
20,40.6,20.6
60,62.2,2.200000000000003
260,152.68,107.32
330,142.76,187.24
20,33.0,13.0
100,97.96,2.0400000000000063
60,59.04,0.9600000000000009
150,135.68,14.319999999999993
50,45.96,4.039999999999999
60,94.6,34.599999999999994
40,32.64,7.359999999999999
50,54.92,4.920000000000002
40,59.76,19.759999999999998
50,40.72,9.280000000000001
70,70.12,0.12000000000000455
670,312.64,357.36
150,111.52,38.480000000000004
60,50.44,9.560000000000002
60,50.6,9.399999999999999
130,271.32,141.32
210,233.96,23.960000000000008
30,32.4,2.3999999999999986
50,57.52,7.520000000000003
70,55.2,14.799999999999997
60,90.4,30.400000000000006
80,108.64,28.64
120,131.36,11.360000000000014
80,75.64,4.359999999999999
60,42.8,17.200000000000003
50,56.2,6.200000000000003
110,124.68,14.680000000000007
100,130.76,30.75999999999999
60,46.0,14.0
40,56.8,16.799999999999997
90,127.16,37.16
80,86.6,6.599999999999994
170,263.48,93.48000000000002
150,60.0,90.0
70,111.16,41.16
80,87.24,7.239999999999995
90,99.8,9.799999999999997
100,146.48,46.47999999999999
150,155.24,5.240000000000009
540,182.12,357.88
380,164.36,215.64
150,159.44,9.439999999999998
50,55.6,5.600000000000001
50,56.96,6.960000000000001
50,45.56,4.439999999999998
70,52.4,17.6
40,47.92,7.920000000000002
50,49.96,0.03999999999999915
60,54.76,5.240000000000002
430,768.56,338.55999999999995
80,99.2,19.200000000000003
50,48.88,1.1199999999999974
50,54.32,4.32
60,53.44,6.560000000000002
50,43.16,6.840000000000003
60,38.28,21.72
320,291.6,28.399999999999977
50,55.96,5.960000000000001
60,60.0,0.0
50,56.92,6.920000000000002
40,50.28,10.280000000000001
70,96.16,26.159999999999997
40,55.36,15.36
60,53.32,6.68
80,89.8,9.799999999999997
110,105.6,4.400000000000006
110,119.52,9.519999999999996
50,47.48,2.520000000000003
80,72.88,7.1200000000000045
160,111.16,48.84
240,217.36,22.639999999999986
50,40.08,9.920000000000002
50,62.76,12.759999999999998
60,57.84,2.1599999999999966
60,56.84,3.1599999999999966
40,47.0,7.0
210,241.64,31.639999999999986
60,82.88,22.879999999999995
70,68.36,1.6400000000000006
220,218.16,1.8400000000000034
110,115.88,5.8799999999999955
350,339.96,10.04000000000002
50,46.76,3.240000000000002
50,57.52,7.520000000000003
550,503.4,46.60000000000002
140,129.6,10.400000000000006
70,57.68,12.32
50,54.32,4.32
70,75.8,5.799999999999997
60,60.4,0.3999999999999986
270,390.76,120.75999999999999
40,35.8,4.200000000000003
270,254.76,15.240000000000009
50,74.88,24.879999999999995
150,131.56,18.439999999999998
60,191.16,131.16
60,46.92,13.079999999999998
60,47.4,12.600000000000001
60,68.0,8.0
50,49.64,0.35999999999999943
50,48.76,1.240000000000002
50,54.68,4.68
400,213.28,186.72
260,178.36,81.63999999999999
40,47.88,7.880000000000003
320,133.44,186.56
70,68.08,1.9200000000000017
40,52.52,12.520000000000003
50,51.76,1.759999999999998
90,122.68,32.68000000000001
50,73.68,23.680000000000007
40,46.44,6.439999999999998
60,82.0,22.0
70,69.12,0.8799999999999955
140,197.84,57.84
60,54.72,5.280000000000001
40,27.44,12.559999999999999
130,122.76,7.239999999999995
40,36.08,3.9200000000000017
40,46.96,6.960000000000001
50,53.16,3.1599999999999966
100,106.64,6.640000000000001
40,44.52,4.520000000000003
50,52.44,2.4399999999999977
60,63.08,3.0799999999999983
180,223.32,43.31999999999999
50,54.8,4.799999999999997
50,46.44,3.5600000000000023
60,49.12,10.880000000000003
100,114.96,14.959999999999994
590,486.32,103.68
90,120.48,30.480000000000004
50,51.64,1.6400000000000006
50,38.96,11.04
90,107.04,17.040000000000006
40,54.28,14.280000000000001
40,44.32,4.32
50,55.96,5.960000000000001
60,50.96,9.04
130,131.2,1.1999999999999886
40,45.24,5.240000000000002
50,53.96,3.960000000000001
40,44.8,4.799999999999997
130,183.28,53.28
50,66.72,16.72
70,98.08,28.08
30,41.96,11.96
170,91.88,78.12
70,74.56,4.560000000000002
60,88.64,28.64
110,172.32,62.31999999999999
350,367.36,17.360000000000014
80,80.68,0.6800000000000068
60,53.08,6.920000000000002
50,40.12,9.880000000000003
50,57.44,7.439999999999998
90,87.12,2.8799999999999955
50,49.12,0.8800000000000026
50,47.48,2.520000000000003
50,50.32,0.3200000000000003
70,85.6,15.599999999999994
50,60.2,10.200000000000003
40,48.72,8.719999999999999
110,104.56,5.439999999999998
70,66.92,3.0799999999999983
140,134.36,5.639999999999986
100,113.88,13.879999999999995
200,215.48,15.47999999999999
70,71.04,1.0400000000000063
40,65.08,25.08
80,88.32,8.319999999999993
70,62.92,7.079999999999998
130,123.76,6.239999999999995
450,362.44,87.56
290,175.04,114.96000000000001
100,280.2,180.2
110,92.04,17.959999999999994
380,104.52,275.48
140,107.68,32.31999999999999
50,53.12,3.1199999999999974
60,57.4,2.6000000000000014
70,112.24,42.239999999999995
70,59.32,10.68
90,104.4,14.400000000000006
60,77.52,17.519999999999996
90,105.52,15.519999999999996
130,165.76,35.75999999999999
160,203.08,43.08000000000001
40,48.32,8.32
170,73.96,96.04
60,89.28,29.28
50,40.48,9.520000000000003
70,53.52,16.479999999999997
350,369.48,19.480000000000018
550,214.92,335.08000000000004
70,84.84,14.840000000000003
50,43.2,6.799999999999997
80,79.6,0.4000000000000057
110,121.8,11.799999999999997
50,68.24,18.239999999999995
60,57.92,2.0799999999999983
40,48.52,8.520000000000003
30,35.8,5.799999999999997
50,60.08,10.079999999999998
30,37.88,7.880000000000003
90,97.84,7.840000000000003
70,59.96,10.04
60,61.64,1.6400000000000006
50,49.68,0.3200000000000003
320,186.32,133.68
190,158.2,31.80000000000001
60,85.56,25.560000000000002
50,53.84,3.8400000000000034
120,154.24,34.24000000000001
290,272.12,17.879999999999995
60,50.68,9.32
50,51.64,1.6400000000000006
90,77.2,12.799999999999997
80,94.76,14.760000000000005
60,55.64,4.359999999999999
60,58.88,1.1199999999999974
100,114.84,14.840000000000003
110,107.92,2.0799999999999983
60,57.28,2.719999999999999
110,235.48,125.47999999999999
70,102.6,32.599999999999994
110,130.92,20.919999999999987
80,90.32,10.319999999999993
50,52.44,2.4399999999999977
110,117.88,7.8799999999999955
900,634.52,265.48
40,44.76,4.759999999999998
60,48.4,11.600000000000001
50,53.48,3.479999999999997
40,52.76,12.759999999999998
20,31.64,11.64
110,112.92,2.9200000000000017
50,53.36,3.3599999999999994
190,125.2,64.8
90,112.92,22.92
60,52.36,7.640000000000001
100,71.2,28.799999999999997
360,239.96,120.03999999999999
50,56.68,6.68
150,133.44,16.560000000000002
120,138.92,18.919999999999987
40,40.0,0.0
100,95.6,4.400000000000006
100,112.0,12.0
190,370.32,180.32
60,77.24,17.239999999999995
50,106.04,56.040000000000006
70,76.16,6.159999999999997
310,99.36,210.64
70,64.36,5.640000000000001
60,56.08,3.9200000000000017
50,42.64,7.359999999999999
50,49.04,0.9600000000000009
150,326.72,176.72000000000003
100,202.04,102.03999999999999
90,99.92,9.920000000000002
50,56.8,6.799999999999997
70,67.72,2.280000000000001
110,114.16,4.159999999999997
50,69.32,19.319999999999993
50,50.0,0.0
60,51.84,8.159999999999997
80,111.64,31.64
40,43.52,3.520000000000003
40,45.16,5.159999999999997
80,81.44,1.4399999999999977
50,60.8,10.799999999999997
60,101.52,41.519999999999996
50,48.28,1.7199999999999989
40,41.76,1.759999999999998
50,59.6,9.600000000000001
50,47.52,2.479999999999997
50,43.72,6.280000000000001
100,173.16,73.16
70,75.36,5.359999999999999
60,63.84,3.8400000000000034
40,56.8,16.799999999999997
100,126.52,26.519999999999996
120,108.92,11.079999999999998
40,53.76,13.759999999999998
90,94.4,4.400000000000006
20,32.24,12.240000000000002
60,55.32,4.68
220,287.56,67.56
70,61.44,8.560000000000002
50,51.4,1.3999999999999986
460,206.84,253.16
290,125.8,164.2
110,108.92,1.0799999999999983
340,225.04,114.96000000000001
50,59.6,9.600000000000001
80,109.72,29.72
50,62.6,12.600000000000001
30,39.12,9.119999999999997
60,59.72,0.28000000000000114
50,43.08,6.920000000000002
140,307.92,167.92000000000002
410,162.96,247.04
40,43.88,3.8800000000000026
60,80.08,20.08
50,59.28,9.280000000000001
30,47.48,17.479999999999997
60,48.84,11.159999999999997
60,55.32,4.68
50,53.36,3.3599999999999994
40,42.12,2.1199999999999974
30,54.8,24.799999999999997
50,62.64,12.64
100,208.6,108.6
30,42.08,12.079999999999998
120,123.4,3.4000000000000057
110,257.76,147.76
60,72.08,12.079999999999998
100,134.28,34.28
120,118.76,1.2399999999999949
60,68.92,8.920000000000002
50,52.44,2.4399999999999977
90,231.8,141.8
40,42.56,2.5600000000000023
60,59.44,0.5600000000000023
50,61.16,11.159999999999997
80,85.64,5.640000000000001
80,102.16,22.159999999999997
50,53.72,3.719999999999999
200,200.64,0.6399999999999864
670,578.92,91.08000000000004
50,50.92,0.9200000000000017
40,35.76,4.240000000000002
50,49.08,0.9200000000000017
50,50.68,0.6799999999999997
120,132.56,12.560000000000002
20,38.8,18.799999999999997
30,83.8,53.8
60,63.16,3.1599999999999966
70,54.36,15.64
40,65.64,25.64
60,58.08,1.9200000000000017
60,51.04,8.96
60,53.88,6.119999999999997
50,156.88,106.88
100,141.16,41.16
60,56.48,3.520000000000003
50,54.4,4.399999999999999
360,488.64,128.64
370,221.0,149.0
80,70.6,9.400000000000006
130,131.0,1.0
20,35.72,15.719999999999999
70,60.6,9.399999999999999
300,202.96,97.03999999999999
100,104.56,4.560000000000002
60,88.32,28.319999999999993
40,46.4,6.399999999999999
100,116.32,16.319999999999993
50,45.08,4.920000000000002
100,99.8,0.20000000000000284
70,58.96,11.04
60,60.76,0.759999999999998
460,255.36,204.64
100,97.16,2.8400000000000034
50,49.24,0.759999999999998
230,102.24,127.76
20,49.96,29.96
340,253.28,86.72
120,160.04,40.03999999999999
40,42.12,2.1199999999999974
110,136.84,26.840000000000003
70,54.56,15.439999999999998
50,41.2,8.799999999999997
50,64.92,14.920000000000002
60,68.48,8.480000000000004
60,52.76,7.240000000000002
100,209.92,109.91999999999999
110,102.96,7.040000000000006
60,57.76,2.240000000000002
330,366.56,36.56
50,53.52,3.520000000000003
80,69.32,10.680000000000007
290,249.72,40.28
50,50.88,0.8800000000000026
20,40.2,20.200000000000003
70,77.84,7.840000000000003
50,50.32,0.3200000000000003
70,61.4,8.600000000000001
70,76.64,6.640000000000001
50,51.52,1.5200000000000031
290,323.48,33.48000000000002
110,121.28,11.280000000000001
100,116.12,16.120000000000005
50,48.88,1.1199999999999974
120,122.44,2.4399999999999977
70,83.68,13.680000000000007
40,82.28,42.28
50,47.96,2.039999999999999
50,49.04,0.9600000000000009
50,46.48,3.520000000000003
60,62.44,2.4399999999999977
40,60.72,20.72
50,44.72,5.280000000000001
120,105.08,14.920000000000002
220,96.96,123.04
40,35.72,4.280000000000001
70,173.8,103.80000000000001
30,36.04,6.039999999999999
60,96.36,36.36
50,43.44,6.560000000000002
40,35.68,4.32
80,84.92,4.920000000000002
60,52.56,7.439999999999998
110,248.08,138.08
70,75.28,5.280000000000001
90,119.92,29.92
50,45.6,4.399999999999999
40,60.08,20.08
50,51.08,1.0799999999999983
90,156.2,66.19999999999999
50,47.92,2.0799999999999983
50,45.36,4.640000000000001
710,246.76,463.24
80,84.96,4.959999999999994
100,133.2,33.19999999999999
40,61.32,21.32
140,168.92,28.919999999999987
50,55.52,5.520000000000003
50,41.72,8.280000000000001
430,365.8,64.19999999999999
50,59.44,9.439999999999998
40,43.4,3.3999999999999986
70,106.12,36.120000000000005
60,54.44,5.560000000000002
90,278.56,188.56
500,277.88,222.12
60,67.48,7.480000000000004
70,75.84,5.840000000000003
700,571.6,128.39999999999998
50,43.64,6.359999999999999
30,34.64,4.640000000000001
50,50.24,0.240000000000002
60,50.08,9.920000000000002
70,137.48,67.47999999999999
60,68.36,8.36
90,102.68,12.680000000000007
50,49.64,0.35999999999999943
80,88.88,8.879999999999995
60,49.88,10.119999999999997
110,111.8,1.7999999999999972
70,55.68,14.32
260,274.76,14.759999999999991
60,38.76,21.240000000000002
290,132.48,157.52
50,46.56,3.4399999999999977
90,233.16,143.16
60,65.0,5.0
100,131.64,31.639999999999986
140,121.44,18.560000000000002
80,126.8,46.8
40,47.56,7.560000000000002
70,57.28,12.719999999999999
60,47.16,12.840000000000003
60,55.64,4.359999999999999
50,166.36,116.36000000000001
510,133.68,376.32
120,155.04,35.03999999999999
60,70.84,10.840000000000003
50,63.48,13.479999999999997
70,85.24,15.239999999999995
120,123.92,3.9200000000000017
110,109.56,0.4399999999999977
20,49.12,29.119999999999997
50,43.48,6.520000000000003
50,54.08,4.079999999999998
60,49.32,10.68
40,53.36,13.36
70,69.68,0.3199999999999932
20,32.48,12.479999999999997
30,79.0,49.0
40,41.6,1.6000000000000014
110,99.48,10.519999999999996
100,99.04,0.9599999999999937
290,322.88,32.879999999999995
50,44.48,5.520000000000003
110,167.72,57.72
60,52.8,7.200000000000003
100,103.4,3.4000000000000057
50,53.2,3.200000000000003
300,432.44,132.44
140,120.28,19.72
60,85.96,25.959999999999994
50,61.72,11.719999999999999
40,31.24,8.760000000000002
70,78.64,8.64
30,44.88,14.880000000000003
80,66.24,13.760000000000005
40,40.6,0.6000000000000014
60,84.16,24.159999999999997
80,143.96,63.96000000000001
70,56.76,13.240000000000002
130,217.08,87.08000000000001
40,44.6,4.600000000000001
20,29.44,9.440000000000001
60,51.0,9.0
70,58.88,11.119999999999997
50,53.08,3.0799999999999983
290,317.16,27.160000000000025
50,58.52,8.520000000000003
50,49.36,0.6400000000000006
50,53.6,3.6000000000000014
400,121.8,278.2
80,77.12,2.8799999999999955
50,51.56,1.5600000000000023
60,51.08,8.920000000000002
350,156.44,193.56
40,55.56,15.560000000000002
230,244.72,14.719999999999999
110,111.8,1.7999999999999972
220,102.48,117.52
20,36.52,16.520000000000003
70,75.2,5.200000000000003
60,68.12,8.120000000000005
50,57.08,7.079999999999998
70,81.84,11.840000000000003
90,97.96,7.959999999999994
120,121.08,1.0799999999999983
60,132.32,72.32
50,46.28,3.719999999999999
50,40.16,9.840000000000003
50,55.92,5.920000000000002
50,50.0,0.0
40,39.84,0.1599999999999966
90,272.84,182.83999999999997
50,55.88,5.880000000000003
40,39.24,0.759999999999998
60,67.08,7.079999999999998
190,101.24,88.76
60,61.04,1.0399999999999991
180,110.84,69.16
60,62.24,2.240000000000002
60,46.96,13.04
50,61.72,11.719999999999999
80,77.6,2.4000000000000057
130,107.8,22.200000000000003
100,100.24,0.23999999999999488
370,295.04,74.95999999999998
40,48.16,8.159999999999997
50,50.32,0.3200000000000003
40,46.76,6.759999999999998
70,66.44,3.5600000000000023
70,72.52,2.519999999999996
50,57.16,7.159999999999997
60,55.56,4.439999999999998
50,45.64,4.359999999999999
60,64.4,4.400000000000006
50,48.16,1.8400000000000034
80,62.0,18.0
50,53.0,3.0
20,26.52,6.52
50,64.8,14.799999999999997
60,61.84,1.8400000000000034
50,56.88,6.880000000000003
50,44.04,5.960000000000001
50,58.52,8.520000000000003
70,87.36,17.36
50,48.96,1.0399999999999991
130,147.96,17.960000000000008
800,341.12,458.88
130,97.84,32.16
50,50.4,0.3999999999999986
70,79.8,9.799999999999997
470,310.0,160.0
60,49.16,10.840000000000003
450,151.8,298.2
740,516.0,224.0
20,29.08,9.079999999999998
50,101.88,51.879999999999995
50,46.12,3.8800000000000026
50,57.12,7.119999999999997
80,160.04,80.03999999999999
50,38.36,11.64
70,71.28,1.2800000000000011
110,120.32,10.319999999999993
140,139.68,0.3199999999999932
290,231.72,58.28
60,54.12,5.880000000000003
90,238.68,148.68
60,70.24,10.239999999999995
70,85.04,15.040000000000006
50,46.08,3.9200000000000017
60,53.8,6.200000000000003
210,514.04,304.03999999999996
90,140.72,50.72
70,94.16,24.159999999999997
40,49.84,9.840000000000003
100,155.76,55.75999999999999
60,70.6,10.599999999999994
50,69.8,19.799999999999997
60,50.84,9.159999999999997
80,70.24,9.760000000000005
60,62.4,2.3999999999999986
100,91.96,8.040000000000006
50,37.76,12.240000000000002
80,83.76,3.760000000000005
60,58.76,1.240000000000002
70,70.64,0.6400000000000006
240,138.48,101.52000000000001
140,104.88,35.120000000000005
70,216.2,146.2
20,31.96,11.96
20,29.72,9.719999999999999
170,269.48,99.48000000000002
60,54.8,5.200000000000003
40,42.28,2.280000000000001
40,40.16,0.1599999999999966
40,40.56,0.5600000000000023
100,162.68,62.68000000000001
240,268.64,28.639999999999986
80,83.92,3.9200000000000017
20,41.28,21.28
50,60.28,10.280000000000001
120,110.32,9.680000000000007
110,284.48,174.48000000000002
70,62.76,7.240000000000002
110,116.32,6.319999999999993
70,63.08,6.920000000000002
70,52.08,17.92
50,38.96,11.04
40,49.08,9.079999999999998
90,80.64,9.36
70,78.32,8.319999999999993
80,81.44,1.4399999999999977
60,56.16,3.8400000000000034
50,58.92,8.920000000000002
50,40.48,9.520000000000003
40,54.16,14.159999999999997
40,45.08,5.079999999999998
50,141.6,91.6
100,121.72,21.72
30,43.16,13.159999999999997
40,49.36,9.36
90,94.56,4.560000000000002
40,39.68,0.3200000000000003
50,50.84,0.8400000000000034
120,147.28,27.28
80,68.36,11.64
40,42.32,2.3200000000000003
130,325.08,195.07999999999998
70,65.44,4.560000000000002
40,40.36,0.35999999999999943
70,76.32,6.319999999999993
50,56.08,6.079999999999998
120,129.32,9.319999999999993
310,191.24,118.75999999999999
150,136.04,13.960000000000008
20,28.28,8.280000000000001
70,79.84,9.840000000000003
80,89.44,9.439999999999998
60,53.8,6.200000000000003
40,54.16,14.159999999999997
90,84.08,5.920000000000002
60,64.08,4.079999999999998
40,170.96,130.96
60,61.88,1.8800000000000026
50,57.72,7.719999999999999
80,68.12,11.879999999999995
40,59.52,19.520000000000003
60,51.0,9.0
60,55.56,4.439999999999998
50,47.92,2.0799999999999983
260,254.72,5.280000000000001
80,64.88,15.120000000000005
90,105.92,15.920000000000002
100,83.68,16.319999999999993
60,196.48,136.48
90,106.08,16.08
80,83.92,3.9200000000000017
220,240.8,20.80000000000001
60,107.48,47.480000000000004
100,108.12,8.120000000000005
60,52.04,7.960000000000001
220,221.32,1.3199999999999932
70,96.84,26.840000000000003
110,213.88,103.88
100,95.4,4.599999999999994
190,189.8,0.19999999999998863
120,120.68,0.6800000000000068
60,55.8,4.200000000000003
50,44.48,5.520000000000003
80,77.64,2.3599999999999994
30,138.8,108.80000000000001
90,55.36,34.64
40,42.92,2.9200000000000017
130,161.72,31.72
90,84.8,5.200000000000003
80,95.92,15.920000000000002
820,546.88,273.12
60,56.12,3.8800000000000026
50,242.48,192.48
60,93.44,33.44
50,73.32,23.319999999999993
100,93.12,6.8799999999999955
60,99.16,39.16
50,50.44,0.4399999999999977
40,45.8,5.799999999999997
50,58.8,8.799999999999997
130,120.52,9.480000000000004
40,112.84,72.84
60,55.92,4.079999999999998
50,60.44,10.439999999999998
90,93.6,3.5999999999999943
190,159.08,30.919999999999987
50,58.0,8.0
120,332.6,212.60000000000002
120,105.56,14.439999999999998
260,207.08,52.91999999999999
20,35.4,15.399999999999999
50,44.68,5.32
30,26.92,3.0799999999999983
40,65.64,25.64
90,75.76,14.239999999999995
50,49.68,0.3200000000000003
160,131.2,28.80000000000001
70,67.52,2.480000000000004
50,41.16,8.840000000000003
170,124.16,45.84
70,96.64,26.64
40,36.56,3.4399999999999977
50,36.2,13.799999999999997
90,93.4,3.4000000000000057
50,54.28,4.280000000000001
490,375.12,114.88
260,218.16,41.84
50,44.48,5.520000000000003
310,329.24,19.24000000000001
90,94.4,4.400000000000006
80,204.36,124.36000000000001
20,31.92,11.920000000000002
240,274.56,34.56
110,105.28,4.719999999999999
110,120.28,10.280000000000001
50,40.84,9.159999999999997
60,58.04,1.9600000000000009
60,53.04,6.960000000000001
90,86.84,3.1599999999999966
50,59.8,9.799999999999997
100,92.08,7.920000000000002
410,88.24,321.76
50,34.8,15.200000000000003
490,375.76,114.24000000000001
130,140.96,10.960000000000008
50,46.0,4.0
60,50.04,9.96
30,95.6,65.6
50,40.48,9.520000000000003
50,59.4,9.399999999999999
110,101.08,8.920000000000002
30,34.2,4.200000000000003
40,68.16,28.159999999999997
50,57.56,7.560000000000002
50,57.24,7.240000000000002
70,76.52,6.519999999999996
50,119.16,69.16
90,98.52,8.519999999999996
40,61.32,21.32
20,29.96,9.96
50,55.16,5.159999999999997
50,61.28,11.280000000000001
240,243.4,3.4000000000000057
40,45.32,5.32
20,43.04,23.04
270,133.76,136.24
60,57.6,2.3999999999999986
300,278.0,22.0
70,55.4,14.600000000000001
50,50.24,0.240000000000002
60,76.16,16.159999999999997
80,70.04,9.959999999999994
50,48.24,1.759999999999998
50,53.2,3.200000000000003
50,52.6,2.6000000000000014
50,65.4,15.400000000000006
60,48.68,11.32
40,41.28,1.2800000000000011
60,59.72,0.28000000000000114
120,242.92,122.91999999999999
50,49.12,0.8800000000000026
440,367.64,72.36000000000001
80,68.72,11.280000000000001
210,206.0,4.0
60,76.56,16.560000000000002
30,28.44,1.5599999999999987
20,28.6,8.600000000000001
100,130.44,30.439999999999998
70,111.84,41.84
80,69.36,10.64
40,55.8,15.799999999999997
200,171.24,28.75999999999999
30,59.72,29.72
40,91.88,51.879999999999995
100,129.28,29.28
100,66.64,33.36
90,92.56,2.5600000000000023
210,207.44,2.5600000000000023
70,70.96,0.9599999999999937
50,46.6,3.3999999999999986
60,53.76,6.240000000000002
60,58.68,1.3200000000000003
680,432.32,247.68
280,181.68,98.32
30,31.24,1.2399999999999984
40,42.04,2.039999999999999
40,43.96,3.960000000000001
50,59.76,9.759999999999998
80,80.36,0.35999999999999943
30,59.84,29.840000000000003
30,38.68,8.68
80,98.16,18.159999999999997
100,349.84,249.83999999999997
30,35.16,5.159999999999997
40,39.32,0.6799999999999997
50,59.64,9.64
300,292.04,7.9599999999999795
90,81.88,8.120000000000005
270,310.04,40.04000000000002
80,89.76,9.760000000000005
370,264.4,105.60000000000002
80,78.2,1.7999999999999972
350,228.48,121.52000000000001
50,69.08,19.08
40,54.92,14.920000000000002
50,49.64,0.35999999999999943
120,138.36,18.360000000000014
600,470.56,129.44
50,43.52,6.479999999999997
60,51.68,8.32
70,62.16,7.840000000000003
40,51.52,11.520000000000003
60,92.12,32.120000000000005
180,100.4,79.6
70,57.0,13.0
70,70.56,0.5600000000000023
50,56.08,6.079999999999998
60,73.6,13.599999999999994
60,57.24,2.759999999999998
120,174.12,54.120000000000005
50,57.28,7.280000000000001
60,56.24,3.759999999999998
50,54.32,4.32
90,133.84,43.84
130,127.76,2.239999999999995
80,68.48,11.519999999999996
80,86.52,6.519999999999996
60,61.64,1.6400000000000006
50,66.24,16.239999999999995
60,79.4,19.400000000000006
50,52.64,2.6400000000000006
60,55.28,4.719999999999999
50,66.68,16.680000000000007
90,80.44,9.560000000000002
110,139.2,29.19999999999999
290,362.56,72.56
40,42.4,2.3999999999999986
250,112.76,137.24
20,27.16,7.16
620,319.32,300.68
50,53.72,3.719999999999999
110,127.88,17.879999999999995
60,50.0,10.0
80,86.44,6.439999999999998
70,81.84,11.840000000000003
130,117.56,12.439999999999998
40,45.76,5.759999999999998
70,107.44,37.44
50,55.36,5.359999999999999
90,74.8,15.200000000000003
70,138.72,68.72
90,101.92,11.920000000000002
50,74.04,24.040000000000006
80,144.24,64.24000000000001
60,60.32,0.3200000000000003
100,95.64,4.359999999999999
60,60.16,0.1599999999999966
410,385.68,24.319999999999993
50,46.96,3.039999999999999
60,42.96,17.04
30,42.16,12.159999999999997
140,174.04,34.03999999999999
50,60.76,10.759999999999998
200,119.92,80.08
90,54.24,35.76
40,80.24,40.239999999999995
80,81.16,1.1599999999999966
40,43.2,3.200000000000003
50,58.04,8.04
40,45.2,5.200000000000003
60,55.2,4.799999999999997
90,91.56,1.5600000000000023
120,144.76,24.75999999999999
110,107.92,2.0799999999999983
90,202.56,112.56
250,228.12,21.879999999999995
70,141.0,71.0
50,61.64,11.64
50,43.24,6.759999999999998
60,59.8,0.20000000000000284
90,92.04,2.0400000000000063
60,69.52,9.519999999999996
40,38.48,1.5200000000000031
80,58.8,21.200000000000003
100,121.12,21.120000000000005
70,92.64,22.64
90,87.0,3.0
130,140.92,10.919999999999987
50,55.36,5.359999999999999
60,51.64,8.36
40,46.16,6.159999999999997
50,54.6,4.600000000000001
110,123.04,13.040000000000006
60,64.04,4.040000000000006
20,35.04,15.04
160,168.64,8.639999999999986
60,46.2,13.799999999999997
70,67.64,2.3599999999999994
50,57.48,7.479999999999997
30,54.08,24.08
60,61.16,1.1599999999999966
180,76.2,103.8
40,48.96,8.96
70,79.48,9.480000000000004
60,61.0,1.0
140,115.16,24.840000000000003
90,130.12,40.120000000000005
70,72.56,2.5600000000000023
60,70.84,10.840000000000003
190,201.32,11.319999999999993
50,79.36,29.36
80,95.64,15.64
90,196.12,106.12
100,173.96,73.96000000000001
40,72.76,32.760000000000005
50,65.28,15.280000000000001
60,59.6,0.3999999999999986
70,67.08,2.9200000000000017
120,136.0,16.0
350,257.2,92.80000000000001
40,59.0,19.0
80,68.6,11.400000000000006
50,48.64,1.3599999999999994
70,130.08,60.08000000000001
50,50.28,0.28000000000000114
50,47.56,2.4399999999999977
150,371.28,221.27999999999997
40,37.92,2.0799999999999983
50,50.92,0.9200000000000017
50,49.96,0.03999999999999915
40,61.8,21.799999999999997
60,48.88,11.119999999999997
100,112.36,12.36
50,49.96,0.03999999999999915
340,464.08,124.07999999999998
30,49.64,19.64
90,85.6,4.400000000000006
210,208.96,1.039999999999992
50,38.12,11.880000000000003
310,212.24,97.75999999999999
80,91.72,11.719999999999999
160,169.2,9.199999999999989
60,46.92,13.079999999999998
70,77.28,7.280000000000001
80,187.92,107.91999999999999
80,145.0,65.0
180,105.68,74.32
100,117.32,17.319999999999993
90,68.64,21.36
100,280.04,180.04000000000002
100,97.48,2.519999999999996
70,178.84,108.84
90,123.88,33.879999999999995
70,77.6,7.599999999999994
60,60.84,0.8400000000000034
140,103.32,36.68000000000001
100,98.88,1.1200000000000045
130,128.44,1.5600000000000023
40,74.08,34.08
70,70.56,0.5600000000000023
60,58.36,1.6400000000000006
60,72.4,12.400000000000006
130,109.2,20.799999999999997
190,197.24,7.240000000000009
60,57.92,2.0799999999999983
100,113.52,13.519999999999996
60,73.28,13.280000000000001
40,59.76,19.759999999999998
50,31.84,18.16
30,26.12,3.879999999999999
40,97.48,57.480000000000004
80,99.48,19.480000000000004
100,70.72,29.28
330,491.08,161.07999999999998
60,61.96,1.9600000000000009
50,53.68,3.6799999999999997
40,43.6,3.6000000000000014
100,85.16,14.840000000000003
60,73.16,13.159999999999997
90,106.64,16.64
80,119.84,39.84
50,51.96,1.9600000000000009
100,106.48,6.480000000000004
60,57.4,2.6000000000000014
60,57.48,2.520000000000003
150,243.84,93.84
60,62.32,2.3200000000000003
50,66.52,16.519999999999996
60,48.76,11.240000000000002
60,58.96,1.0399999999999991
380,377.72,2.2799999999999727
30,51.44,21.439999999999998
80,76.24,3.760000000000005
70,59.44,10.560000000000002
100,113.48,13.480000000000004
130,115.52,14.480000000000004
50,57.32,7.32
30,51.2,21.200000000000003
50,52.56,2.5600000000000023
10,34.56,24.560000000000002
100,88.56,11.439999999999998
40,34.92,5.079999999999998
50,48.44,1.5600000000000023
50,53.56,3.5600000000000023
50,50.32,0.3200000000000003
50,55.56,5.560000000000002
60,63.36,3.3599999999999994
130,171.96,41.96000000000001
110,455.96,345.96
310,337.68,27.680000000000007
50,51.08,1.0799999999999983
30,32.8,2.799999999999997
80,55.64,24.36
50,44.48,5.520000000000003
50,42.56,7.439999999999998
90,245.96,155.96
30,52.76,22.759999999999998
60,53.2,6.799999999999997
60,122.88,62.879999999999995
40,46.04,6.039999999999999
50,48.16,1.8400000000000034
30,49.08,19.08
20,41.36,21.36
40,186.36,146.36
40,42.4,2.3999999999999986
50,42.72,7.280000000000001
120,120.48,0.480000000000004
40,47.92,7.920000000000002
60,98.28,38.28
720,256.72,463.28
330,142.2,187.8
40,52.48,12.479999999999997
80,81.96,1.9599999999999937
60,47.28,12.719999999999999
220,199.4,20.599999999999994
60,44.08,15.920000000000002
110,112.72,2.719999999999999
60,130.6,70.6
700,425.0,275.0
140,160.92,20.919999999999987
50,51.92,1.9200000000000017
110,117.48,7.480000000000004
50,47.2,2.799999999999997
70,56.68,13.32
150,137.32,12.680000000000007
50,87.24,37.239999999999995
110,137.2,27.19999999999999
40,37.44,2.5600000000000023
40,49.52,9.520000000000003
110,140.4,30.400000000000006
60,39.36,20.64
60,60.0,0.0
100,185.84,85.84
100,111.92,11.920000000000002
70,78.08,8.079999999999998
50,48.72,1.2800000000000011
50,68.28,18.28
50,58.44,8.439999999999998
410,346.28,63.72000000000003
60,46.16,13.840000000000003
80,94.76,14.760000000000005
60,55.72,4.280000000000001
100,122.24,22.239999999999995
700,472.24,227.76
60,53.72,6.280000000000001
60,58.52,1.4799999999999969
60,56.72,3.280000000000001
150,153.68,3.680000000000007
30,35.36,5.359999999999999
60,61.44,1.4399999999999977
110,119.0,9.0
60,67.6,7.599999999999994
60,43.36,16.64
70,68.92,1.0799999999999983
60,59.8,0.20000000000000284
40,37.56,2.4399999999999977
100,277.88,177.88
40,56.72,16.72
70,61.2,8.799999999999997
40,81.92,41.92
70,52.44,17.560000000000002
90,89.04,0.9599999999999937
60,49.88,10.119999999999997
70,113.44,43.44
70,65.24,4.760000000000005
60,74.88,14.879999999999995
70,75.96,5.959999999999994
50,58.6,8.600000000000001
250,182.84,67.16
60,40.88,19.119999999999997
40,44.56,4.560000000000002
50,29.6,20.4
100,109.84,9.840000000000003
90,103.28,13.280000000000001
50,54.72,4.719999999999999
60,51.12,8.880000000000003
40,52.12,12.119999999999997
100,121.12,21.120000000000005
50,58.8,8.799999999999997
60,51.36,8.64
60,188.56,128.56
70,95.6,25.599999999999994
60,114.52,54.519999999999996
40,63.76,23.759999999999998
100,100.36,0.35999999999999943
40,33.12,6.880000000000003
60,48.92,11.079999999999998
120,125.32,5.319999999999993
620,314.56,305.44
60,60.16,0.1599999999999966
40,55.2,15.200000000000003
80,53.28,26.72
50,52.48,2.479999999999997
50,54.6,4.600000000000001
60,49.12,10.880000000000003
60,58.2,1.7999999999999972
240,313.96,73.95999999999998
40,42.72,2.719999999999999
40,40.56,0.5600000000000023
270,158.64,111.36000000000001
60,59.88,0.11999999999999744
60,70.76,10.760000000000005
60,56.12,3.8800000000000026
120,214.28,94.28
80,74.84,5.159999999999997
70,64.2,5.799999999999997
50,55.04,5.039999999999999
50,45.44,4.560000000000002
90,86.84,3.1599999999999966
50,50.96,0.9600000000000009
30,41.04,11.04
130,108.72,21.28
60,54.0,6.0
50,58.48,8.479999999999997
390,83.08,306.92
40,36.32,3.6799999999999997
50,52.76,2.759999999999998
60,86.72,26.72
100,208.2,108.19999999999999
50,46.48,3.520000000000003
50,56.48,6.479999999999997
50,40.6,9.399999999999999
110,112.96,2.9599999999999937
50,40.16,9.840000000000003
40,39.08,0.9200000000000017
130,305.28,175.27999999999997
60,68.44,8.439999999999998
60,51.36,8.64
40,52.56,12.560000000000002
60,47.96,12.04
50,122.4,72.4
100,150.68,50.68000000000001
20,34.72,14.719999999999999
70,60.4,9.600000000000001
80,94.64,14.64
130,174.16,44.16
60,53.56,6.439999999999998
80,111.0,31.0
50,52.96,2.960000000000001
340,228.16,111.84
410,108.44,301.56
80,100.72,20.72
60,66.68,6.680000000000007
50,36.68,13.32
30,35.72,5.719999999999999
40,39.08,0.9200000000000017
40,53.32,13.32
50,43.76,6.240000000000002
90,84.36,5.640000000000001
100,120.96,20.959999999999994
100,93.88,6.1200000000000045
120,98.36,21.64
60,52.72,7.280000000000001
50,70.0,20.0
30,43.24,13.240000000000002
100,110.6,10.599999999999994
80,49.64,30.36
50,53.6,3.6000000000000014
30,49.72,19.72
50,50.48,0.4799999999999969
420,225.0,195.0
50,52.92,2.9200000000000017
60,52.6,7.399999999999999
30,37.88,7.880000000000003
70,113.24,43.239999999999995
50,40.44,9.560000000000002
80,61.92,18.08
50,55.2,5.200000000000003
40,36.44,3.5600000000000023
20,46.68,26.68
40,48.6,8.600000000000001
480,365.24,114.75999999999999
80,86.76,6.760000000000005
80,141.92,61.91999999999999
30,42.08,12.079999999999998
50,45.76,4.240000000000002
90,91.76,1.7600000000000051
280,357.2,77.19999999999999
360,352.24,7.759999999999991
60,58.96,1.0399999999999991
60,74.0,14.0
60,60.52,0.5200000000000031
50,61.32,11.32
60,73.32,13.319999999999993
60,77.2,17.200000000000003
70,59.24,10.759999999999998
70,77.2,7.200000000000003
50,45.68,4.32
290,300.12,10.120000000000005
50,52.48,2.479999999999997
40,43.36,3.3599999999999994
90,84.72,5.280000000000001
60,85.08,25.08
90,123.44,33.44
120,146.32,26.319999999999993
50,68.0,18.0
40,45.72,5.719999999999999
80,112.44,32.44
50,54.44,4.439999999999998
50,63.28,13.280000000000001
50,101.32,51.31999999999999
400,227.44,172.56
130,113.4,16.599999999999994
110,109.88,0.12000000000000455
40,49.92,9.920000000000002
50,70.04,20.040000000000006
100,105.04,5.040000000000006
60,48.04,11.96
80,78.28,1.7199999999999989
70,92.96,22.959999999999994
40,32.12,7.880000000000003
70,203.56,133.56
50,57.88,7.880000000000003
70,68.6,1.4000000000000057
90,141.16,51.16
80,86.24,6.239999999999995
630,377.96,252.04000000000002
170,244.68,74.68
60,52.28,7.719999999999999
100,155.0,55.0
30,59.92,29.92
40,48.8,8.799999999999997
440,145.48,294.52
80,89.52,9.519999999999996
60,114.16,54.16
320,358.64,38.639999999999986
50,48.64,1.3599999999999994
20,39.32,19.32
340,189.04,150.96
90,146.88,56.879999999999995
60,51.04,8.96
140,70.4,69.6
60,63.2,3.200000000000003
50,55.2,5.200000000000003
20,31.2,11.2
60,65.32,5.319999999999993
90,86.32,3.680000000000007
80,104.2,24.200000000000003
40,57.52,17.520000000000003
60,65.04,5.040000000000006
60,70.08,10.079999999999998
70,70.4,0.4000000000000057
50,48.32,1.6799999999999997
80,130.96,50.96000000000001
100,97.04,2.9599999999999937
60,52.64,7.359999999999999
70,86.96,16.959999999999994
50,63.64,13.64
